Rank,Player,REC,TGT,RecYDS,Y/R,LG,20+,RecTD,ATT,RushYDS,RushTD,FL,G,FPTS,FPTS/G,ROST,Season
12,A.J. Brown (PHI),70,106,"1,075",15.4,73,0,11,0,0,0,1,14,247.5,17.7,99.4%,2020
21,A.J. Brown (PHI),52,84,"1,051",20.2,91,15,8,3,60,1,0,16,217.1,13.6,99.4%,2019
32,A.J. Brown (PHI),63,105,869,13.8,57,0,5,2,10,0,0,13,180.9,13.9,99.4%,2021
41,A.J. Green (ARI),54,92,848,15.7,42,0,3,0,0,0,0,16,156.8,9.8,5.5%,2021
44,A.J. Green (ARI),46,77,694,15.1,38,12,6,0,0,0,1,9,149.4,16.6,5.5%,2018
68,A.J. Green (ARI),47,104,523,11.1,33,0,2,0,0,0,0,16,111.3,7,5.5%,2020
468,A.J. Green (ARI),0,0,0,0,0,0,0,0,0,0,0,1,0,0,5.5%,2019
24,Adam Humphries (FA),76,105,816,10.7,51,7,5,2,11,0,0,16,188.7,11.8,0.6%,2018
80,Adam Humphries (FA),37,47,374,10.1,30,4,2,1,1,0,0,12,86.5,7.2,0.6%,2019
93,Adam Humphries (FA),41,62,383,9.3,27,0,0,0,0,0,0,17,79.3,4.7,0.6%,2021
109,Adam Humphries (FA),23,35,228,9.9,23,0,2,1,0,0,0,7,57.8,8.3,0.6%,2020
7,Adam Thielen (MIN),113,153,"1,373",12.2,68,17,9,5,30,0,1,16,307.3,19.2,90.9%,2018
10,Adam Thielen (MIN),74,108,925,12.5,51,0,14,3,15,0,0,15,254,16.9,90.9%,2020
28,Adam Thielen (MIN),67,95,726,10.8,35,0,10,1,2,0,0,13,199.8,15.4,90.9%,2021
64,Adam Thielen (MIN),30,48,418,13.9,44,8,6,4,6,1,0,10,114.4,11.4,90.9%,2019
78,Albert Wilson (MIA),26,35,391,15,75,7,4,8,16,0,0,7,96.8,13.8,1.0%,2018
79,Albert Wilson (MIA),43,62,351,8.2,35,4,1,5,45,0,0,13,89.4,6.9,1.0%,2019
123,Albert Wilson (MIA),25,39,213,8.5,64,0,0,4,17,0,0,10,48,4.8,1.0%,2021
94,Aldrick Robinson (FA),17,35,231,13.6,40,2,5,0,0,0,0,14,70.1,5,0.0%,2018
278,Alex Bachman (NYG),0,0,0,0,0,0,0,0,0,0,0,1,0,0,0.0%,2020
426,Alex Bachman (NYG),0,0,0,0,0,0,0,1,-3,0,0,2,-0.3,-0.2,0.0%,2021
73,Alex Erickson (WAS),43,78,529,12.3,52,5,0,5,33,0,2,16,96.2,6,0.0%,2019
133,Alex Erickson (WAS),20,29,167,8.4,28,1,0,3,22,0,1,16,36.9,2.3,0.0%,2018
155,Alex Erickson (WAS),12,17,139,11.6,42,0,0,5,7,0,2,16,22.6,1.4,0.0%,2020
184,Alex Erickson (WAS),3,4,55,18.3,25,0,0,0,0,0,0,17,8.5,0.5,0.0%,2021
175,Alexander Hollins (FA),2,4,46,23,35,1,0,0,0,0,0,5,6.6,1.3,0.0%,2019
84,Allen Hurns (FA),32,47,416,13,27,4,2,0,0,0,1,14,83.6,6,0.0%,2019
103,Allen Hurns (FA),20,36,295,14.8,49,6,2,0,0,0,0,16,61.5,3.8,0.0%,2018
422,Allen Hurns (FA),0,0,0,0,0,0,0,0,0,0,0,4,0,0,0.0%,2021
47,Allen Lazard (GB),40,60,513,12.8,42,0,8,3,32,0,0,14,142.5,10.2,81.5%,2021
67,Allen Lazard (GB),35,52,477,13.6,43,6,3,1,21,0,0,16,102.8,6.4,81.5%,2019
80,Allen Lazard (GB),33,46,451,13.7,72,0,3,2,17,0,0,10,97.8,9.8,81.5%,2020
200,Allen Lazard (GB),1,1,7,7,7,0,0,0,0,0,0,1,1.7,1.7,81.5%,2018
9,Allen Robinson II (LAR),102,151,"1,250",12.3,42,0,6,1,-1,0,0,16,262.9,16.4,90.6%,2020
8,Allen Robinson II (LAR),98,154,"1,147",11.7,49,15,7,1,2,0,0,16,254.9,15.9,90.6%,2019
40,Allen Robinson II (LAR),55,94,754,13.7,43,11,4,1,9,0,1,13,153.3,11.8,90.6%,2018
82,Allen Robinson II (LAR),38,66,410,10.8,39,0,1,0,0,0,0,12,87,7.3,90.6%,2021
496,Alonzo Russell (FA),0,0,0,0,0,0,0,0,0,0,0,1,0,0,0.0%,2018
496,Alonzo Russell (FA),0,0,0,0,0,0,0,0,0,0,0,1,0,0,0.0%,2019
26,Alshon Jeffery (FA),65,92,843,13,52,9,6,0,0,0,0,13,185.3,14.3,0.0%,2018
59,Alshon Jeffery (FA),43,73,490,11.4,38,6,4,1,2,1,0,10,122.2,12.2,0.0%,2019
152,Alshon Jeffery (FA),6,13,115,19.2,39,0,1,0,0,0,0,7,23.5,3.4,0.0%,2020
10,Amari Cooper (CLE),79,119,"1,189",15.1,53,17,8,1,6,0,0,16,246.5,15.4,95.6%,2019
15,Amari Cooper (CLE),92,130,"1,114",12.1,69,0,5,6,14,0,0,16,236.8,14.8,95.6%,2020
19,Amari Cooper (CLE),75,107,"1,004",13.4,90,10,7,2,20,0,2,15,215.4,14.4,95.6%,2018
27,Amari Cooper (CLE),68,104,865,12.7,41,0,8,0,0,0,0,15,202.5,13.5,95.6%,2021
181,Amari Rodgers (GB),4,8,45,11.3,19,0,0,1,11,0,0,16,9.6,0.6,9.5%,2021
21,Amon-Ra St. Brown (DET),90,119,912,10.1,37,0,5,7,61,1,0,16,227.3,14.2,95.9%,2021
142,Andre Holmes (FA),13,24,162,12.5,24,5,0,0,0,0,0,15,29.2,1.9,0.0%,2018
443,Andre Holmes (FA),0,0,0,0,0,0,0,0,0,0,0,1,0,0,0.0%,2019
161,Andre Patton (FA),6,17,56,9.3,15,0,0,0,0,0,0,13,11.6,0.9,0.0%,2019
151,Andre Roberts (CAR),10,18,79,7.9,20,1,1,2,20,0,1,16,23.9,1.5,0.1%,2018
185,Andre Roberts (CAR),1,2,35,35,35,0,0,3,19,0,2,16,8.4,0.5,0.1%,2021
182,Andre Roberts (CAR),3,7,20,6.7,7,0,0,1,7,0,0,13,5.7,0.4,0.1%,2019
202,Andre Roberts (CAR),4,5,34,8.5,16,0,0,1,-3,0,2,15,3.1,0.2,0.1%,2020
113,Andy Isabella (ARI),21,35,224,10.7,54,0,2,1,-6,0,0,13,54.8,4.2,0.1%,2020
130,Andy Isabella (ARI),9,13,189,21,88,2,1,4,15,0,0,15,35.4,2.4,0.1%,2019
215,Andy Isabella (ARI),1,1,13,13,13,0,0,0,0,0,0,3,2.3,0.8,0.1%,2021
146,Andy Jones (FA),11,24,80,7.3,15,0,1,0,0,0,0,8,25,3.1,0.0%,2018
486,Andy Jones (FA),0,0,0,0,0,0,0,0,0,0,0,1,0,0,0.0%,2019
56,Anthony Miller (PIT),52,85,656,12.6,35,11,2,1,-1,0,1,16,127.5,8,0.6%,2019
60,Anthony Miller (PIT),33,54,423,12.8,55,6,7,6,26,0,0,15,120.2,8,0.6%,2018
69,Anthony Miller (PIT),49,76,485,9.9,34,0,2,2,12,0,1,16,108.7,6.8,0.6%,2020
166,Anthony Miller (PIT),6,12,25,4.2,10,0,1,0,0,0,0,3,14.5,4.8,0.6%,2021
137,Anthony Schwartz (CLE),10,23,135,13.5,44,0,1,6,39,0,0,13,33.4,2.6,1.1%,2021
113,Antoine Wesley (ARI),19,32,208,10.9,33,0,3,0,0,0,0,8,57.8,7.2,0.4%,2021
5,Antonio Brown (FA),104,169,"1,297",12.5,78,17,15,0,0,0,0,15,323.7,21.6,4.8%,2018
59,Antonio Brown (FA),42,62,545,13,62,0,4,1,6,0,0,7,121.1,17.3,4.8%,2021
65,Antonio Brown (FA),45,62,483,10.7,46,0,4,2,-2,0,0,8,117.1,14.6,4.8%,2020
150,Antonio Brown (FA),4,8,56,14,20,1,1,1,5,0,0,1,16.1,16.1,4.8%,2019
55,Antonio Callaway (FA),43,79,586,13.6,71,8,5,2,7,0,1,16,132.3,8.3,0.0%,2018
149,Antonio Callaway (FA),8,15,89,11.1,41,1,0,0,0,0,0,5,16.9,3.4,0.0%,2019
197,Antonio Callaway (FA),2,4,20,10,13,0,0,0,0,0,0,5,4,0.8,0.0%,2020
199,Antonio Gandy-Golden (WAS),1,7,3,3,3,0,0,1,22,0,0,6,3.5,0.6,0.1%,2020
277,Antonio Gandy-Golden (WAS),0,0,0,0,0,0,0,0,0,0,0,1,0,0,0.1%,2021
125,Ashton Dulin (IND),13,22,173,13.3,62,0,2,3,32,0,0,16,45.5,2.8,0.4%,2021
180,Ashton Dulin (IND),3,6,53,17.7,34,0,0,2,11,0,0,13,9.4,0.7,0.4%,2020
198,Ashton Dulin (IND),2,2,17,8.5,13,0,0,0,0,0,0,13,3.7,0.3,0.4%,2019
68,Auden Tate (ATL),40,80,575,14.4,33,8,1,0,0,0,1,13,101.5,7.8,0.4%,2019
143,Auden Tate (ATL),14,22,150,10.7,19,0,0,0,0,0,0,9,29,3.2,0.4%,2020
170,Auden Tate (ATL),3,4,39,13,18,0,1,0,0,0,0,4,12.9,3.2,0.4%,2021
174,Auden Tate (ATL),4,12,35,8.8,15,0,0,0,0,0,0,7,7.5,1.1,0.4%,2018
139,Austin Carr (FA),9,14,97,10.8,25,1,2,0,0,0,0,14,30.7,2.2,0.0%,2018
173,Austin Carr (FA),3,4,27,9,11,0,1,0,0,0,0,6,11.7,2,0.0%,2020
206,Austin Carr (FA),1,4,9,9,9,0,0,0,0,0,0,7,1.9,0.3,0.0%,2019
163,Austin Mack (SF),7,11,91,13,50,0,0,0,0,0,0,11,16.1,1.5,0.1%,2020
149,Ben Skowronek (LAR),11,20,133,12.1,35,0,0,0,0,0,0,12,24.3,2,0.2%,2021
113,Bennie Fowler III (FA),23,36,193,8.4,17,0,0,1,20,0,0,8,46.3,5.8,0.0%,2019
125,Bennie Fowler III (FA),16,27,199,12.4,26,3,1,0,0,0,0,10,41.9,4.2,0.0%,2018
201,Bennie Fowler III (FA),2,6,11,5.5,7,0,0,0,0,0,0,5,3.1,0.6,0.0%,2020
86,Bisi Johnson (MIN),31,45,294,9.5,23,1,3,1,6,0,0,16,79,4.9,0.1%,2019
133,Bisi Johnson (MIN),14,19,189,13.5,29,0,0,0,0,0,0,16,34.9,2.2,0.1%,2020
170,Bobo Wilson (FA),4,5,52,13,25,1,0,0,0,0,0,5,9.2,1.8,0.1%,2018
193,Bobo Wilson (FA),3,11,35,11.7,14,0,0,0,0,0,1,6,4.5,0.8,0.1%,2019
524,Bradley Marquez (FA),0,0,0,0,0,0,0,0,0,0,0,1,0,0,0.0%,2018
524,Bradley Marquez (FA),0,0,0,0,0,0,0,0,0,0,0,1,0,0,0.0%,2019
13,Brandin Cooks (HOU),80,116,"1,204",15.1,57,22,5,10,68,1,0,16,243.2,15.2,94.7%,2018
17,Brandin Cooks (HOU),81,119,"1,150",14.2,57,0,6,0,0,0,0,15,232,15.5,94.7%,2020
20,Brandin Cooks (HOU),90,134,"1,037",11.5,52,0,6,2,21,0,0,16,231.8,14.5,94.7%,2021
62,Brandin Cooks (HOU),42,72,583,13.9,57,9,2,6,52,0,0,14,117.5,8.4,94.7%,2019
35,Brandon Aiyuk (SF),60,96,748,12.5,49,0,5,6,77,2,0,12,184.5,15.4,86.5%,2020
35,Brandon Aiyuk (SF),56,84,826,14.8,43,0,5,5,17,0,1,17,170.3,10,86.5%,2021
131,Brandon LaFell (FA),12,16,135,11.3,24,1,2,0,0,0,0,6,37.5,6.3,0.0%,2018
472,Brandon LaFell (FA),0,0,0,0,0,0,0,0,0,0,0,1,0,0,0.0%,2019
140,Brandon Marshall (FA),11,23,136,12.4,27,2,1,0,0,0,0,7,30.6,4.4,2.6%,2018
464,Brandon Marshall (FA),0,0,0,0,0,0,0,0,0,0,0,1,0,0,2.6%,2019
141,Brandon Powell (LAR),12,18,69,5.8,13,0,2,2,7,0,1,15,29.6,2,0.1%,2020
149,Brandon Powell (LAR),11,17,129,11.7,41,1,0,1,4,0,0,6,24.3,4.1,0.1%,2018
196,Brandon Powell (LAR),0,0,0,0,0,0,0,0,0,0,0,6,6,1,0.1%,2021
292,Brandon Smith (DAL),0,0,0,0,0,0,0,0,0,0,0,1,0,0,0.3%,2021
465,Brandon Tate (FA),0,0,0,0,0,0,0,0,0,0,0,1,0,0,0.0%,2018
463,Brandon Tate (FA),0,0,0,0,0,0,0,0,0,0,0,1,0,0,0.0%,2019
121,Brandon Zylstra (CAR),18,25,250,13.9,55,0,1,0,0,0,0,12,49,4.1,0.1%,2021
147,Brandon Zylstra (CAR),8,12,106,13.3,40,2,0,0,0,0,0,8,18.6,2.3,0.1%,2019
190,Brandon Zylstra (CAR),3,4,35,11.7,28,0,0,1,1,0,0,16,6.6,0.4,0.1%,2020
188,Brandon Zylstra (CAR),1,2,23,23,23,1,0,0,0,0,0,16,3.3,0.2,0.1%,2018
60,Braxton Berrios (NYJ),46,65,431,9.4,46,0,2,7,40,2,1,16,121.1,7.6,16.8%,2021
81,Braxton Berrios (NYJ),37,55,394,10.6,43,0,3,3,29,0,0,16,97.3,6.1,16.8%,2020
152,Braxton Berrios (NYJ),6,13,115,19.2,69,2,0,0,0,0,1,16,15.5,1,16.8%,2019
515,Brendan Langley (FA),0,0,0,0,0,0,0,0,0,0,0,5,0,0,0.0%,2018
51,Breshad Perriman (TB),36,69,645,17.9,44,15,6,2,16,0,0,14,138.1,9.9,0.2%,2019
78,Breshad Perriman (TB),30,60,505,16.8,53,0,3,1,6,0,0,12,99.1,8.3,0.2%,2020
101,Breshad Perriman (TB),16,25,340,21.3,66,4,2,4,2,0,0,10,62.2,6.2,0.2%,2018
138,Breshad Perriman (TB),11,18,167,15.2,58,0,1,1,-3,0,0,5,33.4,6.7,0.2%,2021
181,Brian Quick (FA),3,3,18,6,6,0,0,0,0,0,0,6,4.8,0.8,0.0%,2018
441,Brian Quick (FA),0,0,0,0,0,0,0,0,0,0,0,1,0,0,0.0%,2019
158,Brice Butler (FA),6,10,60,10,23,1,1,0,0,0,0,8,18,2.3,0.0%,2018
108,Bruce Ellington (FA),31,42,224,7.2,23,2,1,1,2,0,0,7,59.6,8.5,0.0%,2018
66,Bryan Edwards (LV),34,59,571,16.8,51,0,3,1,0,0,0,16,109.1,6.8,1.1%,2021
132,Bryan Edwards (LV),11,15,193,17.5,34,0,1,0,0,0,0,12,36.3,3,1.1%,2020
57,Byron Pringle (CHI),42,60,568,13.5,40,0,5,0,0,0,1,16,126.8,7.9,3.6%,2021
126,Byron Pringle (CHI),13,17,160,12.3,37,0,1,0,0,0,0,12,41,3.4,3.6%,2020
131,Byron Pringle (CHI),12,16,170,14.2,28,3,1,0,0,0,0,16,35,2.2,3.6%,2019
157,C.J. Board (NYG),11,16,101,9.2,16,0,0,1,3,0,0,14,21.4,1.5,0.0%,2020
180,C.J. Board (NYG),4,6,51,12.8,38,0,0,1,6,0,0,6,9.7,1.6,0.0%,2021
187,C.J. Board (NYG),2,4,31,15.5,23,1,0,0,0,0,0,4,5.1,1.3,0.0%,2019
211,C.J. Saunders (CAR),2,2,11,5.5,8,0,0,0,0,0,0,1,3.1,3.1,0.0%,2021
5,Calvin Ridley (ATL),90,143,"1,374",15.3,63,0,9,5,1,0,1,15,281.5,18.8,2.0%,2020
22,Calvin Ridley (ATL),64,92,821,12.8,75,11,10,6,27,0,1,16,206.8,12.9,2.0%,2018
27,Calvin Ridley (ATL),63,93,866,13.7,36,12,7,2,34,0,0,13,197,15.2,2.0%,2019
102,Calvin Ridley (ATL),31,52,281,9.1,22,0,2,0,0,0,0,5,71.1,14.2,2.0%,2021
196,Cam Phillips (FA),1,1,9,9,9,0,0,0,0,0,0,2,1.9,1,0.0%,2018
273,Cam Phillips (FA),0,0,0,0,0,0,0,0,0,0,0,1,0,0,0.0%,2019
93,Cam Sims (WAS),32,48,477,14.9,50,0,1,1,5,0,0,16,86.2,5.4,0.1%,2020
122,Cam Sims (WAS),15,23,211,14.1,43,0,2,1,7,0,0,12,48.8,4.1,0.1%,2021
191,Cam Sims (WAS),2,3,27,13.5,15,0,0,0,0,0,0,8,4.7,0.6,0.1%,2019
296,Cam Sims (WAS),0,0,0,0,0,0,0,0,0,0,0,1,0,0,0.1%,2018
139,Cameron Batson (FA),12,13,100,8.3,18,0,1,4,20,0,0,12,30,2.5,0.0%,2020
159,Cameron Batson (FA),8,11,82,10.3,26,1,0,1,1,0,0,11,16.3,1.5,0.0%,2018
175,Cameron Batson (FA),2,5,15,7.5,13,0,1,2,15,0,0,4,11,2.8,0.0%,2021
147,Cameron Meredith (FA),9,10,114,12.7,46,2,1,0,0,0,1,6,24.4,4.1,0.0%,2018
45,Cedrick Wilson Jr. (MIA),45,61,602,13.4,73,0,6,2,11,0,0,14,147.8,10.6,1.4%,2021
116,Cedrick Wilson Jr. (MIA),17,28,189,11.1,42,0,2,3,-12,0,0,16,51.6,3.2,1.4%,2020
165,Cedrick Wilson Jr. (MIA),5,8,46,9.2,14,0,0,0,0,0,0,6,9.6,1.6,1.4%,2019
19,CeeDee Lamb (DAL),79,120,"1,102",13.9,49,0,6,9,76,0,0,16,232.8,14.6,99.7%,2021
22,CeeDee Lamb (DAL),74,111,935,12.6,52,0,5,10,82,1,1,16,217.7,13.6,99.7%,2020
117,Chad Beebe (FA),20,30,201,10.1,40,0,2,0,0,0,1,14,50.1,3.6,0.0%,2020
168,Chad Beebe (FA),2,2,70,35,61,1,0,0,0,0,0,3,9,3,0.0%,2019
173,Chad Beebe (FA),4,4,39,9.8,18,0,0,0,0,0,0,3,7.9,2.6,0.0%,2018
120,Chad Hansen (ATL),17,24,236,13.9,38,0,1,0,0,0,0,5,46.6,9.3,0.1%,2020
126,Chad Williams (FA),17,46,171,10.1,22,1,1,1,9,0,0,10,41,4.1,0.0%,2018
517,Chad Williams (FA),0,1,0,0,0,0,0,0,0,0,0,1,0,0,0.0%,2019
182,Charone Peake (FA),2,3,25,12.5,14,0,0,0,0,0,0,13,4.5,0.3,0.0%,2018
497,Charone Peake (FA),0,0,0,0,0,0,0,0,0,0,0,1,0,0,0.0%,2019
23,Chase Claypool (PIT),62,109,873,14.1,84,0,9,10,16,2,1,16,214.9,13.4,89.1%,2020
37,Chase Claypool (PIT),59,105,860,14.6,59,0,2,14,96,0,0,15,166.6,11.1,89.1%,2021
62,Chester Rogers (FA),53,72,485,9.2,34,5,2,1,-4,0,0,16,117.1,7.3,1.0%,2018
109,Chester Rogers (FA),30,43,301,10,39,0,1,1,9,0,1,16,65,4.1,1.0%,2021
116,Chester Rogers (FA),16,28,179,11.2,27,2,2,1,18,0,1,12,45.7,3.8,1.0%,2019
43,Chris Conley (HOU),47,90,775,16.5,70,13,5,0,0,0,0,16,156.5,9.8,0.5%,2019
83,Chris Conley (HOU),40,63,471,11.8,51,0,2,0,0,0,1,15,97.1,6.5,0.5%,2020
79,Chris Conley (HOU),32,52,334,10.4,27,4,5,0,0,0,2,16,91.4,5.7,0.5%,2018
111,Chris Conley (HOU),22,37,323,14.7,41,0,2,1,3,0,1,14,64.6,4.6,0.5%,2021
2,Chris Godwin (TB),86,121,"1,333",15.5,71,25,9,1,8,0,0,14,276.1,19.7,94.4%,2019
15,Chris Godwin (TB),98,127,"1,103",11.3,44,0,5,4,21,1,2,14,242.4,17.3,94.4%,2021
31,Chris Godwin (TB),65,84,840,12.9,47,0,7,0,0,0,0,12,191,15.9,94.4%,2020
27,Chris Godwin (TB),59,95,842,14.3,48,10,7,0,0,0,1,16,185.2,11.6,94.4%,2018
70,Chris Hogan (FA),35,53,532,15.2,63,11,3,0,0,0,0,16,106.2,6.6,0.0%,2018
147,Chris Hogan (FA),14,26,118,8.4,27,0,0,0,0,0,0,5,25.8,5.2,0.0%,2020
154,Chris Hogan (FA),8,15,67,8.4,13,0,0,0,0,0,0,7,14.7,2.1,0.0%,2019
168,Chris Hogan (FA),4,8,41,10.3,16,0,1,0,0,0,0,5,14.1,2.8,0.0%,2021
167,Chris Lacy (FA),3,10,60,20,48,1,0,0,0,0,0,7,9,1.3,0.0%,2019
505,Chris Lacy (FA),0,1,0,0,0,0,0,0,0,0,0,1,0,0,0.0%,2018
116,Chris Moore (HOU),21,22,227,10.8,67,0,2,0,0,0,0,10,55.7,5.6,0.1%,2021
119,Chris Moore (HOU),19,25,196,10.3,30,3,1,5,17,0,0,16,46.3,2.9,0.1%,2018
188,Chris Moore (HOU),3,5,21,7,13,0,0,1,0,0,0,14,5.1,0.4,0.1%,2019
433,Chris Moore (HOU),0,0,0,0,0,0,0,0,0,0,0,3,0,0,0.1%,2020
236,Chris Rowland (FA),0,0,0,0,0,0,0,0,0,0,0,2,0,0,0.0%,2020
146,Christian Blake (FA),13,18,141,10.8,25,0,0,0,0,0,0,16,27.1,1.7,0.0%,2020
146,Christian Blake (FA),11,24,91,8.3,13,0,0,0,0,0,0,9,20.1,2.2,0.0%,2019
192,Christian Blake (FA),4,10,25,6.3,8,0,0,0,0,0,0,10,6.5,0.7,0.0%,2021
26,Christian Kirk (JAC),77,103,982,12.8,50,0,5,1,11,0,0,17,207.6,12.2,87.4%,2021
38,Christian Kirk (JAC),68,108,709,10.4,69,6,3,10,93,0,0,13,168.2,12.9,87.4%,2019
51,Christian Kirk (JAC),48,79,621,12.9,80,0,6,2,3,0,0,14,146.4,10.5,87.4%,2020
58,Christian Kirk (JAC),43,68,590,13.7,75,8,3,3,35,0,0,12,123.5,10.3,87.4%,2018
132,Cody Core (MIA),13,28,160,12.3,30,2,1,0,0,0,0,14,37,2.6,0.0%,2018
181,Cody Core (MIA),3,5,28,9.3,11,0,0,0,0,0,0,16,5.8,0.4,0.0%,2019
189,Cody Hollister (TEN),4,7,33,8.3,14,0,0,0,0,0,0,3,7.3,2.4,0.0%,2021
201,Cody Hollister (TEN),2,2,13,6.5,11,0,0,0,0,0,0,5,3.3,0.7,0.0%,2019
209,Cody Hollister (TEN),1,1,12,12,12,0,0,0,0,0,0,2,2.2,1.1,0.0%,2020
93,Cody Latimer (FA),24,42,300,12.5,43,4,2,0,0,0,0,15,66,4.4,0.0%,2019
135,Cody Latimer (FA),11,16,190,17.3,39,4,1,0,0,0,0,6,36,6,0.0%,2018
273,Cody Thompson (SEA),0,0,0,0,0,0,0,0,0,0,0,2,0,0,0.0%,2021
186,Cody White (PIT),5,6,33,6.6,11,0,0,0,0,0,0,6,8.3,1.4,0.2%,2021
27,Cole Beasley (FA),82,107,967,11.8,35,0,4,0,0,0,0,15,207.5,13.8,1.5%,2020
34,Cole Beasley (FA),67,106,778,11.6,51,10,6,0,0,0,0,15,184.8,12.3,1.5%,2019
39,Cole Beasley (FA),82,112,693,8.5,29,0,1,0,0,0,0,16,159.3,10,1.5%,2021
43,Cole Beasley (FA),65,86,672,10.3,32,3,3,0,0,0,0,16,150.2,9.4,1.5%,2018
107,Collin Johnson (NYG),18,31,272,15.1,46,0,2,0,0,0,0,14,59.2,4.2,0.1%,2020
152,Collin Johnson (NYG),11,21,105,9.5,16,0,0,0,0,0,0,8,21.5,2.7,0.1%,2021
1,Cooper Kupp (LAR),145,191,"1,947",13.4,59,0,16,4,18,0,0,17,439.5,25.9,99.9%,2021
4,Cooper Kupp (LAR),94,134,"1,161",12.4,66,21,10,2,4,0,0,16,270.5,16.9,99.9%,2019
26,Cooper Kupp (LAR),92,124,974,10.6,55,0,3,4,33,0,1,15,208.7,13.9,99.9%,2020
51,Cooper Kupp (LAR),40,55,566,14.2,70,9,6,4,25,0,0,8,135.1,16.9,99.9%,2018
163,Corey Coleman (KC),5,8,71,14.2,30,1,0,1,5,0,0,8,12.6,1.6,0.0%,2018
500,Corey Coleman (KC),0,0,0,0,0,0,0,0,0,0,0,1,0,0,0.0%,2019
30,Corey Davis (NYJ),65,92,984,15.1,75,0,5,0,0,0,1,14,191.4,13.7,55.8%,2020
28,Corey Davis (NYJ),65,112,891,13.7,51,15,4,6,55,0,0,16,183.6,11.5,55.8%,2018
63,Corey Davis (NYJ),43,69,601,14,38,10,2,0,0,0,0,15,115.1,7.7,55.8%,2019
69,Corey Davis (NYJ),34,59,492,14.5,53,0,4,0,0,0,1,9,105.2,11.7,55.8%,2021
19,Courtland Sutton (DEN),72,124,"1,112",15.4,70,18,6,3,17,0,0,16,222.4,13.9,92.4%,2019
44,Courtland Sutton (DEN),58,98,776,13.4,55,0,2,0,0,0,0,17,150.2,8.8,92.4%,2021
50,Courtland Sutton (DEN),42,84,704,16.8,42,16,4,1,-1,0,0,16,136.3,8.5,92.4%,2018
179,Courtland Sutton (DEN),3,6,66,22,45,0,0,0,0,0,0,1,9.6,9.6,92.4%,2020
24,Curtis Samuel (WAS),77,97,851,11.1,44,0,3,41,200,2,0,15,212.1,14.1,6.5%,2020
36,Curtis Samuel (WAS),54,105,627,11.6,44,8,6,19,130,1,0,16,171.7,10.7,6.5%,2019
49,Curtis Samuel (WAS),39,65,494,12.7,53,6,5,8,84,2,1,13,136.8,10.5,6.5%,2018
179,Curtis Samuel (WAS),6,9,27,4.5,10,0,0,4,11,0,0,5,9.8,2,6.5%,2021
127,Cyril Grayson Jr. (TB),10,12,212,21.2,62,0,2,1,14,0,0,3,44.6,14.9,0.1%,2021
210,Cyril Grayson Jr. (TB),1,1,3,3,3,0,0,0,0,0,0,2,1.3,0.7,0.1%,2019
439,Cyril Grayson Jr. (TB),0,3,0,0,0,0,0,0,0,0,0,3,0,0,0.1%,2020
17,D.J. Chark Jr. (DET),73,118,"1,008",13.8,69,17,8,2,20,0,0,15,225.8,15.1,64.9%,2019
49,D.J. Chark Jr. (DET),53,93,706,13.3,73,0,5,0,0,0,0,13,153.6,11.8,64.9%,2020
136,D.J. Chark Jr. (DET),7,22,154,22,41,0,2,0,0,0,0,3,34.4,11.5,64.9%,2021
141,D.J. Chark Jr. (DET),14,32,174,12.4,38,2,0,0,0,0,1,11,29.4,2.7,64.9%,2018
191,D.J. Montgomery (FA),3,6,36,12,14,0,0,0,0,0,0,2,6.6,3.3,0.0%,2021
192,Da'Mari Scott (FA),2,3,22,11,11,0,0,1,5,0,0,5,4.7,0.9,0.0%,2019
504,Da'Mari Scott (FA),0,0,0,0,0,0,0,0,0,0,0,3,0,0,0.0%,2018
98,DaeSean Hamilton (HOU),30,46,243,8.1,24,1,2,0,0,0,0,14,66.3,4.7,0.6%,2018
95,DaeSean Hamilton (HOU),28,52,297,10.6,28,4,1,0,0,0,0,16,63.7,4,0.6%,2019
104,DaeSean Hamilton (HOU),23,44,293,12.7,40,0,2,0,0,0,1,16,62.3,3.9,0.6%,2020
67,Damiere Byrd (ATL),47,77,604,12.9,42,0,1,2,15,0,0,16,114.9,7.2,0.2%,2020
90,Damiere Byrd (ATL),32,46,359,11.2,58,3,1,0,0,0,1,11,71.9,6.5,0.2%,2019
110,Damiere Byrd (ATL),26,38,329,12.7,54,0,1,0,0,0,1,11,64.9,5.9,0.2%,2021
199,Damiere Byrd (ATL),1,2,8,8,8,0,0,0,0,0,0,8,1.8,0.2,0.2%,2018
127,Damion Ratley (FA),12,24,200,16.7,46,4,1,0,0,0,0,13,38,2.9,0.0%,2019
144,Damion Ratley (FA),13,20,144,11.1,27,3,0,0,0,0,0,13,27.4,2.1,0.0%,2018
176,Damion Ratley (FA),4,10,63,15.8,29,0,0,0,0,0,0,5,10.3,2.1,0.0%,2020
226,Damion Ratley (FA),0,0,0,0,0,0,0,0,0,0,0,1,0,0,0.0%,2021
148,Damion Willis (FA),9,16,82,9.1,17,0,0,0,0,0,0,10,17.2,1.7,0.0%,2019
249,Dan Chisena (MIN),0,0,0,0,0,0,0,0,0,0,0,14,0,0,0.1%,2020
264,Dan Chisena (MIN),0,0,0,0,0,0,0,0,0,0,0,2,0,0,0.1%,2021
49,Danny Amendola (FA),62,97,678,10.9,47,6,1,0,0,0,0,15,140.6,9.4,0.0%,2019
57,Danny Amendola (FA),59,79,575,9.7,39,4,1,1,-2,0,0,15,127.4,8.5,0.0%,2018
71,Danny Amendola (FA),46,69,602,13.1,50,0,0,1,2,0,0,14,106.4,7.6,0.0%,2020
105,Danny Amendola (FA),24,38,248,10.3,39,0,3,0,0,0,0,8,68.8,8.6,0.0%,2021
71,Dante Pettis (NYG),27,45,467,17.3,75,9,5,1,-2,0,0,12,103.5,8.6,0.0%,2018
133,Dante Pettis (NYG),11,24,109,9.9,21,2,2,0,0,0,0,11,34.5,3.1,0.0%,2019
147,Dante Pettis (NYG),10,16,87,8.7,27,0,1,0,0,0,0,3,25.3,8.4,0.0%,2021
164,Dante Pettis (NYG),4,6,76,19,33,0,1,0,0,0,1,7,15.6,2.2,0.0%,2020
153,Darius Jennings (FA),11,15,101,9.2,36,1,0,1,2,0,0,16,22.1,1.4,0.0%,2018
196,Darius Jennings (FA),2,5,17,8.5,11,0,0,0,0,0,0,8,3.7,0.5,0.0%,2019
37,Darius Slayton (NYG),48,84,740,15.4,55,12,8,0,0,0,0,14,170,12.1,9.1%,2019
54,Darius Slayton (NYG),50,96,751,15,41,0,3,2,-1,0,1,16,141,8.8,9.1%,2020
106,Darius Slayton (NYG),26,58,339,13,42,0,2,1,-13,0,1,13,68.6,5.3,9.1%,2021
23,Darnell Mooney (CHI),81,140,"1,055",13,64,0,4,6,32,1,0,17,219.7,12.9,93.0%,2021
50,Darnell Mooney (CHI),61,98,631,10.3,53,0,4,4,20,0,0,16,152.1,9.5,93.0%,2020
205,Darrius Heyward-Bey (FA),1,2,9,9,9,0,0,1,-7,0,0,14,1.2,0.1,0.0%,2018
466,Darrius Heyward-Bey (FA),0,0,0,0,0,0,0,0,0,0,0,1,0,0,0.0%,2019
185,Darrius Shepherd (FA),5,8,46,9.2,19,0,0,0,0,0,1,8,7.6,1,0.0%,2020
532,Darrius Shepherd (FA),1,2,1,1,1,0,0,0,0,0,1,6,-0.9,-0.2,0.0%,2019
197,Darvin Kidsy (FA),1,2,8,8,8,0,0,0,0,0,0,2,1.8,0.9,0.0%,2018
280,Darvin Kidsy (FA),0,0,0,0,0,0,0,0,0,0,0,4,0,0,0.0%,2019
196,Daurice Fountain (KC),2,3,23,11.5,12,0,0,0,0,0,0,5,4.3,0.9,0.0%,2020
507,Daurice Fountain (KC),0,0,0,0,0,0,0,0,0,0,0,1,0,0,0.0%,2018
439,Daurice Fountain (KC),0,0,0,0,0,0,0,0,0,0,0,1,0,0,0.0%,2019
239,Daurice Fountain (KC),0,0,0,0,0,0,0,0,0,0,0,1,0,0,0.0%,2021
1,Davante Adams (LV),115,149,"1,374",11.9,56,0,18,0,0,0,1,14,358.4,25.6,99.9%,2020
2,Davante Adams (LV),123,169,"1,553",12.6,59,0,11,0,0,0,0,16,344.3,21.5,99.9%,2021
2,Davante Adams (LV),111,169,"1,386",12.5,57,18,13,0,0,0,0,15,329.6,22,99.9%,2018
23,Davante Adams (LV),83,127,997,12,58,12,5,0,0,0,1,12,212.7,17.7,99.9%,2019
64,David Moore (CHI),35,47,417,11.9,57,0,6,8,61,0,0,16,118.8,7.4,0.1%,2020
72,David Moore (CHI),26,52,445,17.1,54,8,5,1,5,0,0,16,101,6.3,0.1%,2018
101,David Moore (CHI),17,34,301,17.7,60,5,2,3,25,0,1,15,59.6,4,0.1%,2019
419,David Moore (CHI),0,2,0,0,0,0,0,0,0,0,0,2,0,0,0.1%,2021
207,David Sills V (NYG),2,6,17,8.5,12,0,0,0,0,0,0,4,3.7,0.9,0.1%,2021
213,Davion Davis (HOU),1,3,17,17,17,0,0,0,0,0,0,2,2.7,1.4,0.0%,2021
287,Davion Davis (HOU),0,0,0,0,0,0,0,0,0,0,0,2,0,0,0.0%,2019
165,Dax Milne (WAS),9,14,83,9.2,22,0,0,1,1,0,1,9,15.4,1.7,0.1%,2021
205,Dazz Newsome (CHI),2,5,23,11.5,13,0,0,0,0,0,0,3,4.3,1.4,0.3%,2021
164,De'Anthony Thomas (FA),3,5,29,9.7,15,0,1,1,6,0,0,5,12.5,2.5,0.0%,2018
205,De'Anthony Thomas (FA),1,2,6,6,6,0,0,2,5,0,0,14,2.1,0.2,0.0%,2019
83,DeAndre Carter (LAC),24,44,296,12.3,26,0,3,10,89,0,0,17,86.5,5.1,0.6%,2021
124,DeAndre Carter (LAC),22,25,216,9.8,50,2,0,1,7,0,1,14,42.3,3,0.6%,2018
140,DeAndre Carter (LAC),11,14,162,14.7,46,4,0,0,0,0,1,16,25.2,1.6,0.6%,2019
451,DeAndre Carter (LAC),1,2,8,8,8,0,0,0,0,0,1,13,-0.2,-0,0.6%,2020
1,DeAndre Hopkins (ARI),115,163,"1,572",13.7,49,23,11,1,-7,0,2,16,333.5,20.8,96.4%,2018
4,DeAndre Hopkins (ARI),115,160,"1,407",12.2,60,0,6,1,1,0,2,16,287.8,18,96.4%,2020
5,DeAndre Hopkins (ARI),104,150,"1,165",11.2,43,16,7,2,18,0,0,15,269.5,18,96.4%,2019
46,DeAndre Hopkins (ARI),42,64,572,13.6,55,0,8,0,0,0,0,10,147.2,14.7,96.4%,2021
166,DeAndrew White (FA),4,9,51,12.8,18,0,0,0,0,0,0,10,9.1,0.9,0.0%,2019
517,Deante Burton (FA),0,0,0,0,0,0,0,0,0,0,0,3,0,0,0.0%,2018
503,Deante Burton (FA),0,0,0,0,0,0,0,0,0,0,0,3,0,0,0.0%,2019
438,Deante Burton (FA),0,0,0,0,0,0,0,0,0,0,0,4,0,0,0.0%,2020
33,Dede Westbrook (FA),66,101,717,10.9,61,15,5,9,98,0,2,16,173.6,10.9,0.1%,2018
42,Dede Westbrook (FA),66,101,660,10,39,10,3,5,27,0,0,15,156.7,10.4,0.1%,2019
162,Dede Westbrook (FA),10,15,68,6.8,17,0,0,0,0,0,0,15,16.8,1.1,0.1%,2021
452,Dede Westbrook (FA),1,1,4,4,4,0,0,0,0,0,1,2,-0.6,-0.3,0.1%,2020
145,Dee Eskridge (SEA),10,20,64,6.4,17,0,1,4,59,0,0,8,28.3,3.5,1.1%,2021
3,Deebo Samuel (SF),77,121,"1,405",18.2,83,0,6,59,365,8,2,16,339,21.2,99.8%,2021
31,Deebo Samuel (SF),57,81,802,14.1,42,17,3,14,159,3,1,15,189.1,12.6,99.8%,2019
96,Deebo Samuel (SF),33,44,391,11.8,35,0,1,8,26,0,0,7,80.7,11.5,99.8%,2020
70,Demarcus Robinson (LV),45,59,466,10.4,28,0,3,0,0,0,1,15,107.6,7.2,0.5%,2020
69,Demarcus Robinson (LV),32,55,449,14,44,7,4,0,0,0,0,16,100.9,6.3,0.5%,2019
90,Demarcus Robinson (LV),22,33,288,13.1,89,3,4,0,0,0,0,16,74.8,4.7,0.5%,2018
104,Demarcus Robinson (LV),25,41,264,10.6,33,0,3,0,0,0,0,15,69.4,4.6,0.5%,2021
38,Demaryius Thomas (FA),59,89,677,11.5,45,9,5,0,0,0,0,15,156.7,10.4,0.1%,2018
82,Demaryius Thomas (FA),36,58,433,12,47,4,1,0,0,0,0,11,85.3,7.8,0.1%,2019
156,DeMichael Harris (IND),10,10,79,7.9,21,0,0,6,46,0,0,7,22.5,3.2,0.0%,2020
105,Denzel Mims (NYJ),23,44,357,15.5,30,0,0,0,0,0,0,9,60.7,6.7,0.5%,2020
153,Denzel Mims (NYJ),8,23,133,16.6,40,0,0,0,0,0,0,10,21.3,2.1,0.5%,2021
144,Deon Cain (PHI),9,20,124,13.8,35,3,0,0,0,0,0,13,21.4,1.6,0.0%,2019
440,Deon Cain (PHI),0,0,0,0,0,0,0,0,0,0,0,2,0,0,0.0%,2020
150,Deontay Burnett (FA),10,15,143,14.3,29,3,0,0,0,0,0,5,24.3,4.9,0.0%,2018
173,Deontay Burnett (FA),2,4,48,24,41,1,0,0,0,0,0,2,6.8,3.4,0.0%,2019
195,Deontay Burnett (FA),3,4,19,6.3,10,0,0,0,0,0,0,2,4.9,2.5,0.0%,2020
62,Deonte Harty (NO),36,59,570,15.8,72,0,3,5,41,0,1,13,113.1,8.7,0.7%,2021
118,Deonte Harty (NO),20,25,186,9.3,40,0,1,6,51,0,1,9,47.7,5.3,0.7%,2020
153,Deonte Harty (NO),6,6,24,4,13,0,0,4,31,0,1,14,15.5,1.1,0.7%,2019
137,Deonte Thompson (FA),17,30,161,9.5,15,0,0,0,0,0,0,13,33.1,2.5,0.0%,2018
444,Deonte Thompson (FA),0,0,0,0,0,0,0,0,0,0,0,1,0,0,0.0%,2019
171,Derrick Willies (FA),3,5,61,20.3,39,1,0,0,0,0,0,5,9.1,1.8,0.0%,2018
281,Derrick Willies (FA),0,0,0,0,0,0,0,0,0,0,0,1,0,0,0.0%,2019
274,Derrick Willies (FA),0,0,0,0,0,0,0,0,0,0,0,1,0,0,0.0%,2020
42,DeSean Jackson (FA),41,74,774,18.9,75,13,4,6,29,1,0,12,151.3,12.6,2.8%,2018
99,DeSean Jackson (FA),20,34,454,22.7,75,0,2,1,4,0,1,14,75.8,5.4,2.8%,2021
123,DeSean Jackson (FA),14,26,236,16.9,81,0,1,1,12,0,0,5,44.8,9,2.8%,2020
129,DeSean Jackson (FA),9,10,159,17.7,53,2,2,0,0,0,0,3,36.9,12.3,2.8%,2019
11,DeVante Parker (NE),72,128,"1,202",16.7,51,21,9,0,0,0,0,16,246.2,15.4,55.0%,2019
40,DeVante Parker (NE),63,103,793,12.6,31,0,4,0,0,0,0,14,166.3,11.9,55.0%,2020
70,DeVante Parker (NE),40,73,515,12.9,42,0,2,0,0,0,0,10,103.5,10.4,55.0%,2021
104,DeVante Parker (NE),24,47,309,12.9,46,3,1,0,0,0,0,11,60.9,5.5,55.0%,2018
97,Devin Duvernay (BAL),33,47,272,8.2,21,0,2,7,50,0,0,16,77.2,4.8,1.2%,2021
115,Devin Duvernay (BAL),20,26,201,10.1,39,0,0,4,70,0,0,16,53.1,3.3,1.2%,2020
59,Devin Funchess (FA),44,79,549,12.5,27,8,4,0,0,0,0,14,122.9,8.8,0.0%,2018
178,Devin Funchess (FA),3,5,32,10.7,16,0,0,0,0,0,0,1,6.2,6.2,0.0%,2019
143,Devin Smith (FA),5,9,113,22.6,51,2,1,0,0,0,0,4,22.3,5.6,0.0%,2019
424,Devin Smith (FA),0,1,0,0,0,0,0,0,0,0,0,1,0,0,0.0%,2021
30,DeVonta Smith (PHI),64,104,916,14.3,46,0,5,0,0,0,1,17,185.6,10.9,91.2%,2021
154,Dez Bryant (FA),6,11,47,7.8,16,0,2,0,0,0,0,6,22.7,3.8,2.6%,2020
164,Dez Fitzpatrick (TEN),5,8,49,9.8,18,0,1,0,0,0,0,3,15.9,5.3,0.2%,2021
178,Dezmon Patmon (IND),2,4,21,10.5,14,0,1,0,0,0,0,4,10.1,2.5,0.1%,2021
219,Dezmon Patmon (IND),0,0,0,0,0,0,0,0,0,0,0,1,0,0,0.1%,2020
314,Dillon Stoner (LV),0,0,0,0,0,0,0,0,0,0,0,2,0,0,0.0%,2021
8,Diontae Johnson (PIT),107,169,"1,161",10.9,50,0,8,5,53,0,2,16,274.4,17.2,98.1%,2021
21,Diontae Johnson (PIT),88,144,923,10.5,47,0,7,3,15,0,1,15,221.8,14.8,98.1%,2020
39,Diontae Johnson (PIT),59,92,680,11.5,45,7,5,4,41,0,2,16,163.1,10.2,98.1%,2019
168,Diontae Spencer (FA),3,6,26,8.7,10,0,0,3,19,0,0,11,13.5,1.2,0.0%,2020
171,Diontae Spencer (FA),6,8,31,5.2,20,1,0,3,6,0,1,16,7.7,0.5,0.0%,2019
429,Diontae Spencer (FA),1,4,-3,-3,0,0,0,0,0,0,2,15,-3.3,-0.2,0.0%,2021
18,DJ Moore (CAR),93,163,"1,157",12.4,64,0,4,8,48,0,1,17,237.5,14,97.6%,2021
16,DJ Moore (CAR),87,135,"1,175",13.5,52,13,4,6,40,0,1,15,230.5,15.4,97.6%,2019
25,DJ Moore (CAR),66,118,"1,193",18.1,74,0,4,2,22,0,0,15,211.5,14.1,97.6%,2020
36,DJ Moore (CAR),55,82,788,14.3,82,9,2,13,172,0,3,16,157,9.8,97.6%,2018
7,DK Metcalf (SEA),83,129,"1,303",15.7,62,0,10,0,0,0,1,16,271.3,17,98.3%,2020
14,DK Metcalf (SEA),75,129,967,12.9,84,0,12,1,6,0,0,17,244.3,14.4,98.3%,2021
33,DK Metcalf (SEA),58,100,900,15.5,54,13,7,2,11,0,3,16,187.1,11.7,98.3%,2019
63,Donovan Peoples-Jones (CLE),34,58,597,17.6,60,0,3,0,0,0,1,14,109.7,7.8,29.5%,2021
108,Donovan Peoples-Jones (CLE),14,20,304,21.7,75,0,2,0,0,0,0,12,58.4,4.9,29.5%,2020
56,Donte Moncrief (FA),48,90,668,13.9,80,7,3,0,0,0,1,16,130.8,8.2,0.0%,2018
180,Donte Moncrief (FA),4,15,18,4.5,11,0,0,0,0,0,0,8,5.8,0.7,0.0%,2019
203,Donte Moncrief (FA),1,2,15,15,15,0,0,1,4,0,0,6,2.9,0.5,0.0%,2020
89,Dontrelle Inman (FA),28,39,304,10.9,29,4,3,0,0,0,0,9,76.4,8.5,0.0%,2018
122,Dontrelle Inman (FA),18,28,163,9.1,17,0,2,0,0,0,0,10,46.3,4.6,0.0%,2020
136,Dontrelle Inman (FA),12,21,181,15.1,28,4,0,0,0,0,0,7,30.1,4.3,0.0%,2019
46,Doug Baldwin (FA),50,73,618,12.4,42,9,5,0,0,0,0,13,141.8,10.9,0.0%,2018
450,Doug Baldwin (FA),0,0,0,0,0,0,0,0,0,0,0,1,0,0,0.0%,2019
132,Duke Williams (FA),12,19,166,13.8,41,3,1,0,0,0,0,4,34.6,8.7,0.0%,2019
430,Duke Williams (FA),0,0,0,0,0,0,0,0,0,0,0,1,0,0,0.0%,2020
521,Duron Carter (FA),0,0,0,0,0,0,0,0,0,0,0,1,0,0,0.0%,2018
167,Dwayne Harris (FA),6,6,40,6.7,13,0,0,2,12,0,0,15,11.2,0.7,0.0%,2018
207,Dwayne Harris (FA),1,1,7,7,7,0,0,0,0,0,0,3,1.7,0.6,0.0%,2019
455,Dwayne Harris (FA),0,0,0,0,0,0,0,0,0,0,1,3,-2,-0.7,0.0%,2020
146,Dyami Brown (WAS),12,25,165,13.8,48,0,0,1,-4,0,0,10,28.1,2.8,0.8%,2021
221,Easop Winston Jr. (NO),1,1,5,5,5,0,0,0,0,0,0,3,1.5,0.5,0.0%,2021
155,Eli Rogers (FA),12,14,79,6.6,17,0,0,1,-4,0,0,3,21.5,7.2,0.0%,2018
525,Eli Rogers (FA),0,0,0,0,0,0,0,0,0,0,0,1,0,0,0.0%,2019
50,Elijah Moore (NYJ),43,77,538,12.5,62,0,5,5,54,1,0,11,138.2,12.6,92.1%,2021
23,Emmanuel Sanders (BUF),71,98,868,12.2,64,13,4,4,53,1,0,12,198.2,16.5,1.9%,2018
30,Emmanuel Sanders (BUF),66,97,869,13.2,75,11,5,0,0,0,0,17,190.3,11.2,1.9%,2019
41,Emmanuel Sanders (BUF),61,82,726,11.9,51,0,5,1,12,0,0,14,164.8,11.8,1.9%,2020
54,Emmanuel Sanders (BUF),42,72,626,14.9,41,0,4,2,31,0,0,14,131.7,9.4,1.9%,2021
113,Equanimeous St. Brown (CHI),21,36,328,15.6,54,5,0,1,5,0,0,12,54.3,4.5,0.2%,2018
149,Equanimeous St. Brown (CHI),7,13,117,16.7,24,0,1,1,7,0,0,12,25.4,2.1,0.2%,2020
155,Equanimeous St. Brown (CHI),9,17,98,10.9,26,0,0,3,14,0,0,12,20.2,1.7,0.2%,2021
504,Equanimeous St. Brown (CHI),0,0,0,0,0,0,0,0,0,0,0,1,0,0,0.2%,2019
214,Frank Darby (ATL),1,4,14,14,14,0,0,0,0,0,0,4,2.4,0.6,0.1%,2021
194,Fred Brown (FA),2,3,21,10.5,16,0,0,0,0,0,0,13,4.1,0.3,0.0%,2019
441,Fred Brown (FA),0,0,0,0,0,0,0,0,0,0,0,1,0,0,0.0%,2020
518,Freddie Martino (FA),0,1,0,0,0,0,0,0,0,0,0,4,0,0,0.1%,2018
522,Freddie Martino (FA),0,0,0,0,0,0,0,0,0,0,0,1,0,0,0.1%,2019
84,Freddie Swain (SEA),25,40,343,13.7,68,0,4,5,32,0,0,17,86.5,5.1,0.2%,2021
128,Freddie Swain (SEA),13,21,159,12.2,23,0,2,0,0,0,0,16,40.9,2.6,0.2%,2020
56,Gabriel Davis (BUF),35,62,599,17.1,56,0,7,1,0,0,0,16,136.9,8.6,90.5%,2020
58,Gabriel Davis (BUF),35,63,549,15.7,49,0,6,0,0,0,0,15,125.9,8.4,90.5%,2021
325,Gary Jennings Jr. (KC),0,0,0,0,0,0,0,0,0,0,0,1,0,0,0.0%,2019
189,Gehrig Dieter (FA),1,3,22,22,22,1,0,0,0,0,0,4,3.2,0.8,0.1%,2018
211,Gehrig Dieter (FA),1,2,10,10,10,0,0,0,0,0,0,4,2,0.5,0.1%,2020
510,Gehrig Dieter (FA),0,0,0,0,0,0,0,0,0,0,0,3,0,0,0.1%,2019
174,Geremy Davis (FA),3,3,38,12.7,19,0,0,0,0,0,0,8,6.8,0.9,0.0%,2019
522,Geremy Davis (FA),0,1,0,0,0,0,0,0,0,0,0,14,0,0,0.0%,2018
88,Geronimo Allison (FA),34,55,287,8.4,31,3,2,1,7,0,1,16,75.4,4.7,0.0%,2019
100,Geronimo Allison (FA),20,30,303,15.2,64,4,2,0,0,0,0,5,62.3,12.5,0.0%,2018
411,Geronimo Allison (FA),0,2,0,0,0,0,0,0,0,0,0,1,0,0,0.0%,2021
29,Golden Tate (FA),74,113,795,10.7,67,9,4,4,34,0,0,15,182.9,12.2,0.0%,2018
45,Golden Tate (FA),49,85,676,13.8,64,10,6,1,16,0,1,11,152.2,13.8,0.0%,2019
92,Golden Tate (FA),35,52,388,11.1,39,0,2,0,0,0,0,12,86.5,7.2,0.0%,2020
190,Greg Dortch (ARI),3,3,15,5,10,0,0,1,24,0,0,5,6.9,1.4,0.1%,2021
535,Greg Dortch (ARI),0,0,0,0,0,0,0,0,0,0,1,2,-2,-1,0.1%,2019
58,Greg Ward (PHI),53,79,419,7.9,32,0,6,2,-4,0,0,16,133.1,8.3,0.1%,2020
100,Greg Ward (PHI),28,40,254,9.1,38,1,1,1,5,0,0,7,59.9,8.6,0.1%,2019
134,Greg Ward (PHI),7,11,95,13.6,27,0,3,0,0,0,0,10,34.6,3.5,0.1%,2021
148,Gunner Olszewski (PIT),5,5,62,12.4,38,0,1,5,23,0,0,13,25.5,2,0.2%,2020
195,Gunner Olszewski (PIT),2,3,31,15.5,22,0,0,1,9,0,0,16,6,0.4,0.2%,2021
200,Gunner Olszewski (PIT),2,4,34,17,29,1,0,0,0,0,1,8,3.4,0.4,0.2%,2019
270,Hakeem Butler (FA),0,1,0,0,0,0,0,0,0,0,0,2,0,0,0.0%,2020
86,Henry Ruggs III (FA),24,36,469,19.5,61,0,2,3,16,0,0,7,84.5,12.1,10.9%,2021
94,Henry Ruggs III (FA),26,43,452,17.4,72,0,2,9,49,0,2,13,84.1,6.5,10.9%,2020
10,Hunter Renfrow (LV),103,128,"1,038",10.1,54,0,9,3,3,0,1,17,259.1,15.2,91.5%,2021
54,Hunter Renfrow (LV),49,71,605,12.3,65,7,4,0,0,0,0,13,133.5,10.3,91.5%,2019
59,Hunter Renfrow (LV),56,77,656,11.7,53,0,2,0,0,0,1,16,131.6,8.2,91.5%,2020
143,Ihmir Smith-Marsette (MIN),5,6,116,23.2,44,0,2,0,0,0,0,6,28.6,4.8,0.2%,2021
230,Isaiah Coulter (CHI),0,0,0,0,0,0,0,0,0,0,0,1,0,0,0.0%,2020
232,Isaiah Coulter (CHI),0,1,0,0,0,0,0,0,0,0,0,1,0,0,0.0%,2021
112,Isaiah Ford (MIA),28,44,276,9.9,18,0,0,0,0,0,0,10,55.6,5.6,0.0%,2020
110,Isaiah Ford (MIA),23,35,244,10.6,28,2,0,1,11,0,0,9,48.5,5.4,0.0%,2019
129,Isaiah Ford (MIA),12,16,161,13.4,52,0,2,0,0,0,0,9,40.1,4.5,0.0%,2021
486,Isaiah Ford (MIA),0,1,0,0,0,0,0,0,0,0,0,1,0,0,0.0%,2018
76,Isaiah McKenzie (BUF),30,34,282,9.4,46,0,5,10,9,0,0,16,99.6,6.2,0.9%,2020
96,Isaiah McKenzie (BUF),27,39,254,9.4,46,3,1,8,49,0,0,15,63.3,4.2,0.9%,2019
115,Isaiah McKenzie (BUF),18,30,179,9.9,23,1,0,10,66,2,1,8,52.5,6.6,0.9%,2018
117,Isaiah McKenzie (BUF),20,26,178,8.9,28,0,1,9,47,1,1,15,52.5,3.5,0.9%,2021
121,Isaiah Wright (FA),27,35,197,7.3,22,0,0,3,16,0,1,14,46.3,3.3,0.0%,2020
188,Isaiah Zuber (FA),2,2,29,14.5,16,0,0,2,21,0,0,4,7,1.8,0.0%,2020
185,Ishmael Hyman (FA),2,4,34,17,31,1,0,0,0,0,0,2,5.4,2.7,0.0%,2019
202,J'Mon Moore (FA),2,3,15,7.5,10,0,0,0,0,0,1,12,1.5,0.1,0.0%,2018
505,J'Mon Moore (FA),0,0,0,0,0,0,0,0,0,0,0,1,0,0,0.0%,2019
135,J.J. Arcega-Whiteside (PHI),10,22,169,16.9,30,4,1,0,0,0,0,16,32.9,2.1,0.1%,2019
166,J.J. Arcega-Whiteside (PHI),4,8,85,21.3,37,0,0,0,0,0,0,8,14.5,1.8,0.1%,2020
197,J.J. Arcega-Whiteside (PHI),2,5,36,18,23,0,0,0,0,0,0,7,5.6,0.8,0.1%,2021
278,J.J. Jones (FA),0,0,0,0,0,0,0,0,0,0,0,1,0,0,0.0%,2019
525,J.J. Jones (FA),1,1,3,3,3,0,0,1,0,0,1,4,-0.7,-0.2,0.0%,2018
428,J.J. Koski (LAR),0,0,0,0,0,0,0,0,0,0,1,3,-2,-0.7,0.0%,2021
156,J.J. Nelson (FA),4,5,36,9,29,1,1,0,0,0,0,2,13.6,6.8,0.0%,2019
161,J.J. Nelson (FA),7,19,64,9.1,17,0,0,4,0,0,0,14,13.4,1,0.0%,2018
174,Ja'Marcus Bradley (CLE),5,11,60,12,22,0,0,0,0,0,0,3,11,3.7,0.1%,2020
176,Ja'Marcus Bradley (CLE),4,4,64,16,37,0,0,0,0,0,0,4,10.4,2.6,0.1%,2021
5,Ja'Marr Chase (CIN),81,128,"1,455",18,82,0,13,7,21,0,1,17,304.6,17.9,99.9%,2021
174,Jaelon Darden (TB),6,12,43,7.2,29,0,0,1,11,0,0,9,11.4,1.3,0.2%,2021
121,Jake Kumerow (BUF),12,21,219,18.3,49,3,1,0,0,0,0,14,39.9,2.9,0.0%,2019
148,Jake Kumerow (BUF),8,11,103,12.9,49,1,1,0,0,0,0,5,24.3,4.9,0.0%,2018
181,Jake Kumerow (BUF),1,1,22,22,22,0,1,0,0,0,0,6,9.2,1.5,0.0%,2020
199,Jake Kumerow (BUF),2,6,28,14,15,0,0,0,0,0,0,7,4.8,0.7,0.0%,2021
88,Jakeem Grant Sr. (CLE),36,54,373,10.4,30,0,1,3,20,0,0,14,87.3,6.2,0.2%,2020
106,Jakeem Grant Sr. (CLE),21,34,268,12.8,52,2,2,1,5,0,0,10,60.3,6,0.2%,2018
115,Jakeem Grant Sr. (CLE),19,33,164,8.6,18,0,0,4,5,1,1,10,45.9,4.6,0.2%,2019
130,Jakeem Grant Sr. (CLE),11,17,132,12,46,0,2,5,33,0,3,15,39.5,2.6,0.2%,2021
29,Jakobi Meyers (NE),83,126,866,10.4,39,0,2,1,9,0,1,16,186.3,11.6,80.6%,2021
53,Jakobi Meyers (NE),59,81,729,12.4,35,0,0,2,9,0,1,14,142.6,10.2,80.6%,2020
98,Jakobi Meyers (NE),26,41,359,13.8,35,9,0,0,0,0,0,15,61.9,4.1,80.6%,2019
205,Jaleel Scott (FA),1,1,16,16,16,0,0,0,0,0,0,1,2.6,2.6,0.0%,2020
208,Jaleel Scott (FA),1,3,6,6,6,0,0,0,0,0,0,3,1.6,0.5,0.0%,2019
298,Jalen Camp (HOU),0,0,0,0,0,0,0,0,0,0,0,1,0,0,0.0%,2021
73,Jalen Guyton (LAC),31,48,448,14.5,59,0,3,7,34,0,0,16,97.2,6.1,0.8%,2021
82,Jalen Guyton (LAC),28,55,511,18.3,72,0,3,2,0,0,0,16,97.1,6.1,0.8%,2020
328,Jalen Guyton (LAC),0,2,0,0,0,0,0,0,0,0,0,3,0,0,0.8%,2019
89,Jalen Reagor (PHI),31,54,396,12.8,55,0,1,4,26,0,0,11,87.2,7.9,1.0%,2020
95,Jalen Reagor (PHI),33,57,299,9.1,34,0,2,10,32,0,0,17,78.1,4.6,1.0%,2021
178,Jalen Tolliver (FA),3,6,37,12.3,15,0,0,0,0,0,0,3,6.7,2.2,0.0%,2018
98,Jamal Agnew (JAC),24,39,229,9.5,29,0,1,7,111,1,0,12,76,6.3,0.3%,2021
160,Jamal Agnew (JAC),13,20,89,6.8,20,0,0,6,33,0,1,14,17.9,1.3,0.3%,2020
513,Jamal Agnew (JAC),0,0,0,0,0,0,0,1,17,0,0,6,0,0,0.3%,2018
508,Jamal Agnew (JAC),1,2,-2,-2,0,0,0,1,9,0,1,13,0,0,0.3%,2019
458,James Jones (FA),0,0,0,0,0,0,0,0,0,0,0,1,0,0,0.0%,2019
132,James Proche II (BAL),16,20,202,12.6,32,0,0,0,0,0,0,7,36.2,5.2,0.2%,2021
206,James Proche II (BAL),1,3,14,14,14,0,0,0,0,0,0,14,2.4,0.2,0.2%,2020
55,James Washington (DAL),44,80,735,16.7,79,13,3,0,0,0,1,15,133.5,8.9,13.9%,2019
77,James Washington (DAL),30,56,392,13.1,50,0,5,0,0,0,0,16,99.2,6.2,13.9%,2020
108,James Washington (DAL),24,44,285,11.9,42,0,2,2,13,0,0,15,65.8,4.4,13.9%,2021
123,James Washington (DAL),16,38,217,13.6,47,3,1,0,0,0,0,14,43.7,3.1,13.9%,2018
26,Jamison Crowder (BUF),78,122,833,10.7,41,11,6,1,4,0,0,16,197.7,12.4,12.8%,2019
39,Jamison Crowder (BUF),59,89,699,11.8,69,0,6,1,14,0,0,12,172,14.3,12.8%,2020
64,Jamison Crowder (BUF),51,71,447,8.8,29,0,2,0,0,0,1,12,109.7,9.1,12.8%,2021
86,Jamison Crowder (BUF),29,50,388,13.4,79,4,2,4,30,0,0,9,82.8,9.2,12.8%,2018
295,Janarion Grant (FA),0,0,0,0,0,0,0,0,0,0,0,2,0,0,0.0%,2018
277,Janarion Grant (FA),0,0,0,0,0,0,0,0,0,0,0,1,0,0,0.0%,2019
77,Jarius Wright (FA),43,59,447,10.4,33,8,1,2,39,0,1,16,97.6,6.1,0.0%,2018
102,Jarius Wright (FA),28,58,296,10.6,33,3,0,1,-7,0,0,16,56.9,3.6,0.0%,2019
105,Jaron Brown (FA),14,19,166,11.9,45,1,5,0,0,0,0,16,60.6,3.8,0.0%,2018
111,Jaron Brown (FA),16,28,220,13.8,48,3,2,0,0,0,1,14,48,3.4,0.0%,2019
12,Jarvis Landry (FA),83,138,"1,174",14.1,65,20,6,1,10,0,0,16,237.4,14.8,66.0%,2019
18,Jarvis Landry (FA),81,149,976,12,51,13,4,3,60,1,1,16,217.1,13.6,66.0%,2018
33,Jarvis Landry (FA),72,101,840,11.7,32,0,3,4,10,1,0,15,188,12.5,66.0%,2020
52,Jarvis Landry (FA),52,87,570,11,38,0,2,6,40,2,2,12,133,11.1,66.0%,2021
183,Jason Moore Jr. (LAC),3,4,56,18.7,24,0,0,0,0,0,0,1,8.6,8.6,0.1%,2021
176,Jason Moore Jr. (LAC),2,5,43,21.5,32,1,0,0,0,0,0,10,6.3,0.6,0.1%,2019
277,Jason Moore Jr. (LAC),0,0,0,0,0,0,0,0,0,0,0,2,0,0,0.1%,2020
90,Jauan Jennings (SF),24,38,282,11.8,34,0,5,0,0,0,0,13,82.2,6.3,1.1%,2021
119,Javon Wims (CLE),18,39,186,10.3,37,1,1,0,0,0,0,16,42.6,2.7,0.0%,2019
161,Javon Wims (CLE),6,12,48,8,13,0,1,1,2,0,0,13,17,1.3,0.0%,2020
176,Javon Wims (CLE),4,5,32,8,16,0,0,0,0,0,0,4,7.2,1.8,0.0%,2018
172,Jawill Davis (FA),4,8,40,10,22,1,0,0,0,0,0,7,8,1.1,0.0%,2018
169,Jaydon Mickens (FA),7,10,58,8.3,11,0,0,0,0,0,0,10,12.8,1.3,0.0%,2020
212,Jaydon Mickens (FA),2,3,10,5,12,0,0,0,0,0,0,12,3,0.3,0.0%,2021
485,Jaydon Mickens (FA),0,0,0,0,0,0,0,0,0,0,0,6,0,0,0.0%,2018
485,Jaydon Mickens (FA),0,0,0,0,0,0,0,0,0,0,0,1,0,0,0.0%,2019
13,Jaylen Waddle (MIA),104,140,"1,015",9.8,57,0,6,2,3,1,1,16,245.8,15.4,98.6%,2021
279,Jayson Stanley (FA),0,0,0,0,0,0,0,0,0,0,0,8,0,0,0.0%,2020
275,Jeff Badet (FA),0,1,0,0,0,0,0,0,0,0,0,3,0,0,0.1%,2020
134,Jeff Smith (NYJ),17,37,167,9.8,21,0,0,0,0,0,0,12,33.7,2.8,0.0%,2020
157,Jeff Smith (NYJ),8,17,113,14.1,35,0,0,1,-1,0,0,9,19.2,2.1,0.0%,2021
203,Jeff Smith (NYJ),1,2,12,12,12,0,0,0,0,0,0,1,2.2,2.2,0.0%,2019
204,Jehu Chesson (FA),1,2,7,7,7,0,0,1,-4,0,0,12,1.3,0.1,0.0%,2018
515,Jehu Chesson (FA),0,0,0,0,0,0,0,0,0,0,0,1,0,0,0.0%,2019
190,Jeremy Kerley (FA),2,4,7,3.5,4,0,0,0,0,0,0,1,2.7,2.7,0.0%,2018
446,Jeremy Kerley (FA),0,0,0,0,0,0,0,0,0,0,0,1,0,0,0.0%,2019
440,Jeremy Ross (FA),0,0,0,0,0,0,0,0,0,0,0,1,0,0,0.0%,2019
88,Jermaine Kearse (FA),37,76,371,10,29,3,1,0,0,0,0,14,80.1,5.7,0.0%,2018
45,Jerry Jeudy (DEN),52,113,856,16.5,92,0,3,0,0,0,0,16,157.6,9.9,93.6%,2020
85,Jerry Jeudy (DEN),38,56,467,12.3,40,0,0,2,3,0,0,10,85,8.5,93.6%,2021
506,Jester Weah (CHI),0,0,0,0,0,0,0,0,0,0,0,1,0,0,0.0%,2019
151,Jody Fortson (KC),5,5,47,9.4,27,0,2,0,0,0,0,4,21.7,5.4,0.1%,2021
182,Joe Reed (LAC),0,1,0,0,0,0,0,5,29,1,0,11,8.9,0.8,0.0%,2020
20,John Brown (FA),72,115,"1,060",14.7,53,17,6,2,7,0,0,15,219.8,14.7,1.1%,2019
45,John Brown (FA),42,97,715,17,71,11,5,3,4,0,0,16,143.9,9,1.1%,2018
84,John Brown (FA),33,52,458,13.9,46,0,3,0,0,0,0,9,96.8,10.8,1.1%,2020
386,John Brown (FA),0,3,0,0,0,0,0,0,0,0,0,3,0,0,1.1%,2021
274,John Franklin III (FA),0,0,0,0,0,0,0,1,11,0,0,1,0,0,0.0%,2019
144,John Hightower (PHI),10,29,167,16.7,59,0,0,1,1,0,0,13,28.8,2.2,0.0%,2020
282,John Hightower (PHI),0,0,0,0,0,0,0,0,0,0,0,1,0,0,0.0%,2021
75,John Ross (NYG),28,56,506,18.1,66,10,3,3,4,0,1,8,95,11.9,0.1%,2019
85,John Ross (NYG),21,58,210,10,39,3,7,4,9,0,0,13,84.9,6.5,0.1%,2018
128,John Ross (NYG),11,20,224,20.4,51,0,1,1,16,0,0,9,41,4.6,0.1%,2021
198,John Ross (NYG),2,7,17,8.5,15,0,0,0,0,0,0,3,3.7,1.2,0.1%,2020
204,John Ursua (FA),1,1,11,11,11,0,0,0,0,0,0,3,2.1,0.7,0.0%,2019
179,Johnny Holton (FA),3,15,21,7,18,0,0,1,9,0,0,16,6,0.4,0.0%,2019
493,Johnny Holton (FA),0,1,0,0,0,0,0,0,0,0,0,1,0,0,0.0%,2018
437,Johnny Holton (FA),0,0,0,0,0,0,0,0,0,0,0,1,0,0,0.0%,2020
213,JoJo Natson (FA),0,0,0,0,0,0,0,1,3,0,0,3,0.3,0.1,0.0%,2020
521,JoJo Natson (FA),0,0,0,0,0,0,0,0,0,0,0,12,0,0,0.0%,2019
418,JoJo Natson (FA),0,0,0,0,0,0,0,0,0,0,0,3,0,0,0.0%,2021
528,JoJo Natson (FA),0,0,0,0,0,0,0,0,0,0,1,13,-2,-0.2,0.0%,2018
102,Jordan Matthews (SF),20,28,300,15,56,3,2,0,0,0,0,14,62,4.4,0.0%,2018
172,Jordan Matthews (SF),4,12,33,8.3,10,0,0,0,0,0,0,3,7.3,2.4,0.0%,2019
408,Jordan Matthews (SF),0,0,0,0,0,0,0,0,0,0,0,2,0,0,0.0%,2020
271,Jordan Veasy (FA),0,0,0,0,0,0,0,0,0,0,0,2,0,0,0.1%,2021
37,Jordy Nelson (FA),63,88,739,11.7,66,7,3,1,-2,0,0,15,156.7,10.4,0.1%,2018
462,Jordy Nelson (FA),0,0,0,0,0,0,0,0,0,0,0,1,0,0,0.1%,2019
136,Josh Bellamy (FA),14,25,117,8.4,20,1,1,0,0,0,0,16,33.7,2.1,0.0%,2018
195,Josh Bellamy (FA),2,3,20,10,15,0,0,0,0,0,0,7,4,0.6,0.0%,2019
67,Josh Doctson (FA),44,78,532,12.1,32,7,2,0,0,0,0,15,109.2,7.3,0.0%,2018
499,Josh Doctson (FA),0,0,0,0,0,0,0,0,0,0,0,1,0,0,0.0%,2019
47,Josh Gordon (KC),41,71,737,18,55,12,4,0,0,0,0,12,138.7,11.6,0.8%,2018
89,Josh Gordon (KC),27,47,426,15.8,58,8,1,1,1,0,0,11,74.7,6.8,0.8%,2019
167,Josh Gordon (KC),5,14,32,6.4,11,0,1,0,0,0,0,9,14.2,1.6,0.8%,2021
253,Josh Hammond (JAC),0,0,0,0,0,0,0,0,0,0,0,1,0,0,0.0%,2021
189,Josh Malone (TEN),4,6,16,4,13,0,0,1,12,0,0,4,6.8,1.7,0.0%,2020
193,Josh Malone (TEN),1,5,12,12,12,0,0,0,0,0,0,9,2.2,0.2,0.0%,2018
511,Josh Malone (TEN),0,0,0,0,0,0,0,0,0,0,0,3,0,0,0.0%,2019
62,Josh Reynolds (DET),52,81,618,11.9,40,0,2,1,5,0,1,16,124.3,7.8,0.9%,2020
74,Josh Reynolds (DET),29,53,402,13.9,33,6,5,2,8,0,0,16,100,6.3,0.9%,2018
91,Josh Reynolds (DET),29,49,396,13.7,39,0,2,0,0,0,0,11,80.6,7.3,0.9%,2021
97,Josh Reynolds (DET),21,43,326,15.5,31,8,1,5,23,0,0,16,61.9,3.9,0.9%,2019
76,Joshua Palmer (LAC),33,49,353,10.7,36,0,4,1,6,0,0,15,92.9,6.2,4.4%,2021
8,JuJu Smith-Schuster (KC),111,166,"1,426",12.8,97,18,7,1,13,0,1,16,296.9,18.6,93.9%,2018
16,JuJu Smith-Schuster (KC),97,128,831,8.6,31,0,9,0,0,0,1,16,234.1,14.6,93.9%,2020
65,JuJu Smith-Schuster (KC),42,70,552,13.1,76,7,3,0,0,0,1,12,113.2,9.4,93.9%,2019
133,JuJu Smith-Schuster (KC),15,28,129,8.6,24,0,0,3,9,1,0,5,34.8,7,93.9%,2021
7,Julian Edelman (FA),100,153,"1,117",11.2,44,13,6,8,27,0,1,16,256.3,16,13.1%,2019
20,Julian Edelman (FA),74,108,850,11.5,36,12,6,9,107,0,0,12,207.4,17.3,13.1%,2018
111,Julian Edelman (FA),21,39,315,15,49,0,0,2,22,0,0,6,56.2,9.4,13.1%,2020
4,Julio Jones (FA),113,170,"1,677",14.8,58,24,8,2,12,0,2,16,325.8,20.4,14.2%,2018
3,Julio Jones (FA),99,157,"1,394",14.1,54,21,6,2,-3,0,0,15,274.1,18.3,14.2%,2019
52,Julio Jones (FA),51,68,771,15.1,44,0,3,0,0,0,0,9,146.1,16.2,14.2%,2020
92,Julio Jones (FA),31,48,434,14,51,0,1,0,0,0,0,10,80.4,8,14.2%,2021
194,Justin Hardee (NYJ),1,1,10,10,10,0,0,0,0,0,0,16,2,0.1,0.0%,2018
520,Justin Hardee (NYJ),0,1,0,0,0,0,0,0,0,0,0,16,0,0,0.0%,2019
445,Justin Hardee (NYJ),0,0,0,0,0,0,0,0,0,0,0,10,0,0,0.0%,2020
417,Justin Hardee (NYJ),0,0,0,0,0,0,0,0,0,0,0,11,0,0,0.0%,2021
130,Justin Hardy (FA),14,22,133,9.5,19,0,2,0,0,0,0,16,39.3,2.5,0.0%,2018
124,Justin Hardy (FA),19,26,195,10.3,23,2,0,0,0,0,0,16,38.5,2.4,0.0%,2019
180,Justin Hunter (FA),3,13,21,7,12,0,0,0,0,0,0,5,5.1,1,0.0%,2018
455,Justin Hunter (FA),0,0,0,0,0,0,0,0,0,0,0,1,0,0,0.0%,2019
4,Justin Jefferson (MIN),108,167,"1,616",15,56,0,10,6,14,0,1,17,330.4,19.4,99.9%,2021
6,Justin Jefferson (MIN),88,125,"1,400",15.9,71,0,7,1,2,0,0,16,274.2,17.1,99.9%,2020
118,Justin Watson (KC),15,26,159,10.6,17,0,2,0,0,0,0,16,42.9,2.7,0.1%,2019
162,Justin Watson (KC),7,11,94,13.4,36,0,0,0,0,0,0,11,16.4,1.5,0.1%,2020
203,Justin Watson (KC),1,3,5,5,5,0,0,0,0,0,0,12,1.5,0.1,0.1%,2018
173,Juwann Winfree (GB),8,13,58,7.3,12,0,0,0,0,0,1,5,11.8,2.4,0.3%,2021
319,Juwann Winfree (GB),0,0,0,0,0,0,0,0,0,0,0,3,0,0,0.3%,2019
294,Juwann Winfree (GB),0,0,0,0,0,0,0,0,0,0,0,2,0,0,0.3%,2020
40,K.J. Osborn (MIN),50,82,655,13.1,64,0,7,1,10,0,0,17,158.5,9.3,13.4%,2021
215,K.J. Osborn (MIN),0,0,0,0,0,0,0,0,0,0,0,9,0,0,13.4%,2020
89,Kadarius Toney (NYG),39,57,420,10.8,38,0,0,3,6,0,0,9,82.4,9.2,84.2%,2021
529,Kaelin Clay (FA),0,0,0,0,0,0,0,0,0,0,0,1,0,0,0.0%,2019
527,Kaelin Clay (FA),0,0,0,0,0,0,0,0,0,0,1,2,-2,-1,0.0%,2018
53,Kalif Raymond (DET),48,71,576,12,75,0,4,4,28,0,0,16,132.4,8.3,0.7%,2021
137,Kalif Raymond (DET),9,12,170,18.9,52,3,1,1,-5,0,1,8,29.5,3.7,0.7%,2019
145,Kalif Raymond (DET),9,15,187,20.8,61,0,0,1,-3,0,0,15,27.4,1.8,0.7%,2020
166,Kamar Aiken (FA),6,7,53,8.8,18,0,0,0,0,0,0,5,11.3,2.3,0.0%,2018
447,Kamar Aiken (FA),0,0,0,0,0,0,0,0,0,0,0,1,0,0,0.0%,2019
296,Kawaan Baker (NO),0,0,0,0,0,0,0,0,0,0,0,1,0,0,0.1%,2021
47,Keelan Cole Sr. (NYJ),55,88,642,11.7,51,0,5,1,2,0,0,16,155.4,9.7,0.6%,2020
80,Keelan Cole Sr. (NYJ),38,70,491,12.9,35,7,1,0,0,0,2,16,89.1,5.6,0.6%,2018
94,Keelan Cole Sr. (NYJ),28,51,449,16,54,0,1,0,0,0,0,14,78.9,5.6,0.6%,2021
87,Keelan Cole Sr. (NYJ),24,36,361,15,55,5,3,1,6,0,0,16,78.7,4.9,0.6%,2019
141,Keelan Doss (FA),11,14,133,12.1,31,1,0,0,0,0,0,8,24.3,3,0.0%,2019
288,Keelan Doss (FA),0,0,0,0,0,0,0,0,0,0,0,1,0,0,0.0%,2020
6,Keenan Allen (LAC),104,149,"1,199",11.5,45,15,6,3,16,0,0,16,261.5,16.3,99.4%,2019
12,Keenan Allen (LAC),97,137,"1,196",12.3,54,13,6,9,75,0,1,16,260.1,16.3,99.4%,2018
11,Keenan Allen (LAC),106,157,"1,138",10.7,42,0,6,0,0,0,0,16,257.8,16.1,99.4%,2021
14,Keenan Allen (LAC),100,147,992,9.9,28,0,8,1,-1,0,2,14,245.1,17.5,99.4%,2020
495,Keenan Reynolds (FA),0,0,0,0,0,0,0,0,0,0,0,2,0,0,0.0%,2018
495,Keenan Reynolds (FA),0,0,0,0,0,0,0,0,0,0,0,1,0,0,0.0%,2019
114,KeeSean Johnson (SF),21,42,187,8.9,31,1,1,1,3,0,1,10,46,4.6,0.0%,2019
135,KeeSean Johnson (SF),15,23,173,11.5,45,0,0,0,0,0,0,8,32.3,4,0.0%,2020
121,Keith Kirkwood (FA),13,21,209,16.1,42,4,2,0,0,0,0,8,45.9,5.7,0.0%,2018
201,Keith Kirkwood (FA),3,7,17,5.7,7,0,0,0,0,0,0,3,4.7,1.6,0.0%,2021
207,Keith Kirkwood (FA),1,2,13,13,13,0,0,0,0,0,0,1,2.3,2.3,0.0%,2020
285,Keith Kirkwood (FA),0,0,0,0,0,0,0,0,0,0,0,1,0,0,0.0%,2019
90,Keke Coutee (IND),33,40,400,12.1,64,0,3,0,0,0,3,8,87,10.9,0.1%,2020
99,Keke Coutee (IND),28,41,287,10.3,40,2,1,3,0,0,0,6,62.7,10.5,0.1%,2018
105,Keke Coutee (IND),22,36,254,11.5,51,4,0,2,14,1,1,10,52.8,5.3,0.1%,2019
222,Keke Coutee (IND),1,1,5,5,5,0,0,0,0,0,0,1,1.5,1.5,0.1%,2021
96,Kelvin Benjamin (FA),25,67,380,15.2,40,5,1,0,0,0,0,15,69,4.6,0.1%,2018
452,Kelvin Benjamin (FA),0,0,0,0,0,0,0,0,0,0,0,1,0,0,0.1%,2019
92,Kelvin Harmon (WAS),30,44,365,12.2,30,8,0,0,0,0,0,16,66.9,4.2,0.1%,2019
131,Kendall Hinton (DEN),15,23,175,11.7,40,0,1,0,0,0,0,11,38.5,3.5,0.1%,2021
453,Kendall Hinton (DEN),0,0,0,0,0,0,0,2,7,0,0,1,-0.8,-0.8,0.1%,2020
33,Kendrick Bourne (NE),55,70,800,14.5,75,0,5,12,125,0,1,17,180.5,10.6,21.5%,2021
60,Kendrick Bourne (NE),49,74,667,13.6,49,0,2,0,0,0,0,15,129.7,8.6,21.5%,2020
65,Kendrick Bourne (NE),42,66,487,11.6,33,6,4,0,0,0,0,16,114.7,7.2,21.5%,2018
72,Kendrick Bourne (NE),30,44,358,11.9,30,4,5,0,0,0,0,16,97.8,6.1,21.5%,2019
9,Kenny Golladay (NYG),65,116,"1,190",18.3,75,22,11,0,0,0,1,16,248,15.5,58.2%,2019
21,Kenny Golladay (NYG),70,118,"1,063",15.2,60,19,5,1,8,0,0,15,207.1,13.8,58.2%,2018
79,Kenny Golladay (NYG),37,76,521,14.1,36,0,0,0,0,0,0,14,89.1,6.4,58.2%,2021
102,Kenny Golladay (NYG),20,32,338,16.9,48,0,2,0,0,0,0,5,65.8,13.2,58.2%,2020
52,Kenny Stills (FA),37,64,553,14.9,75,7,6,0,0,0,0,15,134.4,9,0.0%,2018
60,Kenny Stills (FA),40,55,561,14,45,9,4,0,0,0,0,13,120.1,9.2,0.0%,2019
137,Kenny Stills (FA),11,19,144,13.1,24,0,1,0,0,0,0,10,31.4,3.1,0.0%,2020
159,Kenny Stills (FA),6,23,68,11.3,22,0,1,1,1,0,0,7,18.9,2.7,0.0%,2021
198,Keon Hatcher (FA),1,2,8,8,8,0,0,0,0,0,0,3,1.8,0.6,0.0%,2018
513,Keon Hatcher (FA),0,0,0,0,0,0,0,0,0,0,0,1,0,0,0.0%,2019
162,Kevin White (NO),4,8,92,23,54,2,0,0,0,0,0,9,13.2,1.5,0.0%,2018
200,Kevin White (NO),1,5,38,38,38,0,0,0,0,0,0,4,4.8,1.2,0.0%,2021
449,Kevin White (NO),0,0,0,0,0,0,0,0,0,0,0,3,0,0,0.0%,2020
142,KhaDarel Hodge (ATL),13,27,157,12.1,42,0,0,0,0,0,0,12,30.7,2.6,0.2%,2021
142,KhaDarel Hodge (ATL),11,17,180,16.4,42,0,0,0,0,0,0,9,29,3.2,0.2%,2020
162,KhaDarel Hodge (ATL),4,10,76,19,41,1,0,0,0,0,0,16,11.6,0.7,0.2%,2019
185,KhaDarel Hodge (ATL),2,3,17,8.5,14,0,0,0,0,0,0,14,3.7,0.3,0.2%,2018
216,Kirk Merritt (NO),1,3,13,13,13,0,0,0,0,0,0,1,2.3,2.3,0.0%,2021
217,Kirk Merritt (NO),0,0,0,0,0,0,0,0,0,0,0,1,0,0,0.0%,2020
86,KJ Hamler (DEN),30,56,381,12.7,49,0,3,9,40,0,0,13,90.1,6.9,1.0%,2020
172,KJ Hamler (DEN),5,10,74,14.8,28,0,0,0,0,0,0,3,12.4,4.1,1.0%,2021
171,KJ Hill Jr. (FA),7,11,73,10.4,25,0,0,0,0,0,1,15,12.3,0.8,0.0%,2020
194,KJ Hill Jr. (FA),3,3,30,10,19,0,0,0,0,0,0,6,6,1,0.0%,2021
209,Krishawn Hogan (FA),1,1,4,4,4,0,0,0,0,0,0,8,1.4,0.2,0.0%,2019
156,Kristian Wilkerson (NE),4,8,42,10.5,20,0,2,0,0,0,0,1,20.2,20.2,0.0%,2021
265,Kristian Wilkerson (NE),0,0,0,0,0,0,0,0,0,0,0,1,0,0,0.0%,2020
500,Lance Lenoir Jr. (FA),0,0,0,0,0,0,0,0,0,0,0,7,0,0,0.0%,2018
501,Lance Lenoir Jr. (FA),0,0,0,0,0,0,0,0,0,0,0,1,0,0,0.0%,2019
289,Landen Akers (LAR),0,0,0,0,0,0,0,0,0,0,0,1,0,0,0.1%,2021
88,Laquon Treadwell (JAC),33,51,434,13.2,41,0,1,0,0,0,0,12,82.4,6.9,0.3%,2021
92,Laquon Treadwell (JAC),35,53,302,8.6,22,1,1,0,0,0,0,15,71.2,4.7,0.3%,2018
134,Laquon Treadwell (JAC),9,16,184,20.4,58,3,1,0,0,0,0,14,33.4,2.4,0.3%,2019
153,Laquon Treadwell (JAC),6,7,49,8.2,14,0,2,0,0,0,0,5,22.9,4.6,0.3%,2020
25,Larry Fitzgerald (FA),69,112,734,10.6,37,8,6,0,0,0,0,16,185.7,11.6,0.2%,2018
35,Larry Fitzgerald (FA),75,109,804,10.7,54,10,4,0,0,0,1,16,177.4,11.1,0.2%,2019
74,Larry Fitzgerald (FA),54,72,409,7.6,18,0,1,0,0,0,0,13,100.9,7.8,0.2%,2020
46,Laviska Shenault Jr. (JAC),58,79,600,10.3,36,0,5,18,91,0,0,14,157.1,11.2,1.8%,2020
56,Laviska Shenault Jr. (JAC),63,100,619,9.8,58,0,0,11,41,0,1,16,127,7.9,1.8%,2021
193,Lawrence Cager (NYJ),2,6,35,17.5,19,0,0,0,0,0,0,2,5.5,2.8,0.0%,2020
157,Leonte Carroo (FA),2,4,94,47,74,2,1,1,14,0,0,9,18.8,2.1,0.0%,2018
498,Leonte Carroo (FA),0,0,0,0,0,0,0,0,0,0,0,1,0,0,0.0%,2019
119,Lil'Jordan Humphrey (FA),13,18,249,19.2,56,0,2,0,0,0,0,8,49.9,6.2,0.1%,2021
167,Lil'Jordan Humphrey (FA),3,5,46,15.3,17,0,1,0,0,0,0,3,13.6,4.5,0.1%,2020
323,Lil'Jordan Humphrey (FA),0,1,0,0,0,0,0,0,0,0,0,5,0,0,0.1%,2019
228,Lynn Bowden Jr. (MIA),28,37,211,7.5,22,0,0,9,32,0,0,10,0,0,0.2%,2020
112,Mack Hollins (LV),14,28,223,15.9,65,0,4,0,0,0,0,16,60.3,3.8,0.1%,2021
130,Mack Hollins (LV),16,25,176,11,34,0,1,0,0,0,1,16,37.6,2.4,0.1%,2020
142,Mack Hollins (LV),10,23,125,12.5,20,1,0,0,0,0,0,16,22.5,1.4,0.1%,2019
489,Malachi Dupre (FA),0,0,0,0,0,0,0,0,0,0,0,1,0,0,0.0%,2018
150,Malcolm Perry (FA),9,13,92,10.2,25,0,1,3,5,0,0,9,24.7,2.7,1.0%,2020
159,Malik Taylor (GB),5,6,66,13.2,26,0,1,1,9,0,0,15,18.5,1.2,0.1%,2020
223,Malik Taylor (GB),2,3,14,7,7,0,0,0,0,0,1,7,1.4,0.2,0.1%,2021
117,Malik Turner (SF),15,22,245,16.3,33,6,1,0,0,0,0,15,45.5,3,0.1%,2019
126,Malik Turner (SF),12,16,149,12.4,61,0,3,0,0,0,0,7,44.9,6.4,0.1%,2021
183,Malik Turner (SF),2,3,20,10,19,0,0,0,0,0,0,6,4,0.7,0.1%,2018
272,Malik Turner (SF),0,0,0,0,0,0,0,0,0,0,0,6,0,0,0.1%,2020
134,Marcell Ateman (FA),15,31,154,10.3,32,2,1,0,0,0,0,7,36.4,5.2,0.0%,2018
155,Marcell Ateman (FA),5,10,116,23.2,36,3,0,0,0,0,1,12,14.6,1.2,0.0%,2019
103,Marcus Johnson (SF),17,33,277,16.3,50,3,2,0,0,0,0,9,56.7,6.3,0.1%,2019
129,Marcus Johnson (SF),14,28,255,18.2,55,0,0,0,0,0,0,11,39.5,3.6,0.1%,2020
148,Marcus Johnson (SF),9,19,160,17.8,50,0,0,2,-2,0,0,7,24.8,3.5,0.1%,2021
154,Marcus Johnson (SF),6,8,102,17,34,1,1,1,-2,0,0,5,22,4.4,0.1%,2018
204,Marcus Kemp (FA),2,5,24,12,16,0,0,0,0,0,0,12,4.4,0.4,0.0%,2021
210,Marcus Kemp (FA),1,1,11,11,11,0,0,0,0,0,0,10,2.1,0.2,0.0%,2020
201,Marcus Kemp (FA),1,2,7,7,7,0,0,0,0,0,0,16,1.7,0.1,0.0%,2018
518,Marcus Kemp (FA),0,0,0,0,0,0,0,0,0,0,0,1,0,0,0.0%,2019
432,Marken Michel (WAS),0,0,0,0,0,0,0,0,0,0,0,2,0,0,0.0%,2020
460,Markus Wheaton (FA),0,0,0,0,0,0,0,0,0,0,0,1,0,0,0.0%,2018
453,Markus Wheaton (FA),0,0,0,0,0,0,0,0,0,0,0,1,0,0,0.0%,2019
189,Marqise Lee (FA),3,4,18,6,8,0,0,1,1,0,0,6,4.9,0.8,0.0%,2019
43,Marquez Callaway (NO),46,84,698,15.2,58,0,6,0,0,0,0,17,151.8,8.9,2.5%,2021
125,Marquez Callaway (NO),21,27,213,10.1,27,0,0,0,0,0,0,11,42.3,3.8,2.5%,2020
258,Marquez Stevenson (BUF),0,0,0,0,0,0,0,0,0,0,0,5,0,0,0.1%,2021
55,Marquez Valdes-Scantling (KC),33,63,690,20.9,78,0,6,4,13,0,1,16,137.3,8.6,75.6%,2020
66,Marquez Valdes-Scantling (KC),38,72,581,15.3,60,8,2,2,29,0,0,16,111,6.9,75.6%,2018
81,Marquez Valdes-Scantling (KC),26,55,430,16.5,75,0,3,0,0,0,0,11,87,7.9,75.6%,2021
83,Marquez Valdes-Scantling (KC),26,56,452,17.4,74,7,2,2,9,0,0,16,84.1,5.3,75.6%,2019
22,Marquise Brown (ARI),91,146,"1,008",11.1,49,0,6,1,5,0,1,16,226.3,14.1,95.4%,2021
36,Marquise Brown (ARI),58,100,769,13.3,70,0,8,1,1,0,0,16,183,11.4,95.4%,2020
46,Marquise Brown (ARI),46,71,584,12.7,83,8,7,0,0,0,0,14,146.4,10.5,95.4%,2019
82,Marquise Goodwin (FA),23,43,395,17.2,67,5,4,4,9,0,0,11,87.4,7.9,0.1%,2018
115,Marquise Goodwin (FA),20,40,313,15.7,50,0,1,2,-1,0,0,14,57.2,4.1,0.1%,2021
125,Marquise Goodwin (FA),12,21,186,15.5,38,3,1,1,15,0,0,9,38.1,4.2,0.1%,2019
122,Martavis Bryant (FA),19,27,266,14,47,6,0,3,23,0,1,8,45.9,5.7,0.0%,2018
451,Martavis Bryant (FA),0,0,0,0,0,0,0,0,0,0,0,1,0,0,0.0%,2019
106,Marvin Hall (FA),18,32,302,16.8,73,0,2,1,1,0,0,12,60.3,5,0.0%,2020
122,Marvin Hall (FA),7,11,261,37.3,58,6,1,1,7,0,0,9,39.8,4.4,0.0%,2019
138,Marvin Hall (FA),10,19,149,14.9,47,2,1,2,0,0,0,16,30.9,1.9,0.0%,2018
218,Marvin Hall (FA),1,1,10,10,10,0,0,0,0,0,0,1,2,2,0.0%,2021
18,Marvin Jones Jr. (JAC),76,115,978,12.9,43,0,9,0,0,0,0,16,227.8,14.2,30.1%,2020
28,Marvin Jones Jr. (JAC),62,91,779,12.6,47,12,9,2,0,0,0,13,193.9,14.9,30.1%,2019
34,Marvin Jones Jr. (JAC),73,120,832,11.4,33,0,4,0,0,0,0,17,180.2,10.6,30.1%,2021
63,Marvin Jones Jr. (JAC),35,62,508,14.5,39,5,5,0,0,0,0,9,115.8,12.9,30.1%,2018
241,Mason Kinsey (TEN),0,0,0,0,0,0,0,0,0,0,0,1,0,0,0.0%,2021
248,Matt Cole (SEA),0,0,0,0,0,0,0,0,0,0,0,1,0,0,0.0%,2020
250,Matt Cole (SEA),0,0,0,0,0,0,0,0,0,0,0,1,0,0,0.0%,2021
477,Matthew Slater (NE),0,0,0,0,0,0,0,0,0,0,0,16,0,0,0.1%,2018
479,Matthew Slater (NE),0,0,0,0,0,0,0,0,0,0,0,16,0,0,0.1%,2019
426,Matthew Slater (NE),0,0,0,0,0,0,0,0,0,0,0,15,0,0,0.1%,2020
401,Matthew Slater (NE),0,0,0,0,0,0,0,0,0,0,0,10,0,0,0.1%,2021
225,Maurice Ffrench (LAC),0,0,0,0,0,0,0,1,3,0,0,2,0.3,0.2,0.0%,2021
109,Maurice Harris (FA),28,47,304,10.9,42,3,0,2,10,0,0,12,59.4,5,0.0%,2018
488,Max McCaffrey (FA),0,0,0,0,0,0,0,0,0,0,0,1,0,0,0.0%,2019
48,Mecole Hardman (KC),59,83,693,11.7,53,0,2,8,46,0,2,17,140.9,8.3,70.0%,2021
61,Mecole Hardman (KC),41,62,560,13.7,49,0,4,4,31,0,2,16,128.1,8,70.0%,2020
61,Mecole Hardman (KC),26,41,538,20.7,83,9,6,4,17,0,2,16,119.5,7.5,70.0%,2019
310,Michael Bandy (LAC),0,0,0,0,0,0,0,0,0,0,0,2,0,0,0.0%,2021
54,Michael Crabtree (FA),54,100,607,11.2,27,6,3,0,0,0,0,16,132.7,8.3,0.0%,2018
177,Michael Crabtree (FA),4,5,22,5.5,9,0,0,0,0,0,0,3,6.2,2.1,0.0%,2019
143,Michael Floyd (FA),10,24,100,10,20,1,1,0,0,0,0,13,28,2.2,0.0%,2018
22,Michael Gallup (DAL),66,113,"1,107",16.8,62,18,6,0,0,0,0,14,212.7,15.2,85.0%,2019
38,Michael Gallup (DAL),59,105,843,14.3,55,0,5,0,0,0,0,16,173.3,10.8,85.0%,2020
76,Michael Gallup (DAL),33,68,507,15.4,49,10,2,0,0,0,0,16,97.7,6.1,85.0%,2018
77,Michael Gallup (DAL),35,62,445,12.7,41,0,2,0,0,0,0,9,91.5,10.2,85.0%,2021
17,Michael Pittman Jr. (IND),88,129,"1,082",12.3,57,0,6,5,44,0,0,17,238.6,14,97.9%,2021
79,Michael Pittman Jr. (IND),40,61,503,12.6,45,0,1,3,26,0,0,13,98.9,7.6,97.9%,2020
1,Michael Thomas (NO),149,185,"1,725",11.6,49,17,9,1,-9,0,0,16,374.6,23.4,93.7%,2019
6,Michael Thomas (NO),125,147,"1,405",11.2,72,17,9,0,0,0,2,16,315.5,19.7,93.7%,2018
95,Michael Thomas (NO),40,55,438,11,24,0,0,1,1,0,0,7,83.9,12,93.7%,2020
531,Michael Walker (FA),2,3,15,7.5,9,0,0,0,0,0,2,7,-0.5,-0.1,0.0%,2019
9,Mike Evans (TB),86,139,"1,524",17.7,72,26,8,0,0,0,1,16,284.4,17.8,99.1%,2018
9,Mike Evans (TB),74,114,"1,035",14,46,0,14,1,10,0,0,16,262.5,16.4,99.1%,2021
11,Mike Evans (TB),70,109,"1,006",14.4,50,0,13,0,0,0,0,16,248.6,15.5,99.1%,2020
15,Mike Evans (TB),67,118,"1,157",17.3,67,17,8,0,0,0,0,13,232.7,17.9,99.1%,2019
202,Mike Strachan (IND),2,3,26,13,16,0,0,0,0,0,0,2,4.6,2.3,0.1%,2021
138,Mike Thomas (CIN),13,21,132,10.2,29,0,1,1,1,0,1,14,30.3,2.2,0.2%,2020
177,Mike Thomas (CIN),5,11,52,10.4,19,0,0,0,0,0,0,7,10.2,1.5,0.2%,2021
199,Mike Thomas (CIN),2,5,14,7,9,0,0,0,0,0,0,16,3.4,0.2,0.2%,2019
498,Mike Thomas (CIN),0,0,0,0,0,0,0,0,0,0,0,1,0,0,0.2%,2018
474,Mike Wallace (FA),0,3,0,0,0,0,0,0,0,0,0,2,0,0,0.0%,2018
474,Mike Wallace (FA),0,0,0,0,0,0,0,0,0,0,0,1,0,0,0.0%,2019
12,Mike Williams (LAC),76,129,"1,146",15.1,72,0,9,0,0,0,0,16,246.6,15.4,94.9%,2021
32,Mike Williams (LAC),43,66,664,15.4,55,11,10,7,28,1,0,16,180.2,11.3,94.9%,2018
41,Mike Williams (LAC),49,90,"1,001",20.4,56,17,2,1,2,0,0,15,161.3,10.8,94.9%,2019
48,Mike Williams (LAC),48,85,756,15.8,64,0,5,1,1,0,0,15,153.7,10.2,94.9%,2020
100,Miles Boykin (PIT),19,33,266,14,43,0,4,0,0,0,0,16,69.6,4.4,0.2%,2020
107,Miles Boykin (PIT),13,22,198,15.2,50,2,3,0,0,0,0,16,50.8,3.2,0.2%,2019
220,Miles Boykin (PIT),1,1,6,6,6,0,0,0,0,0,0,2,1.6,0.8,0.2%,2021
31,Mohamed Sanu Sr. (SF),66,94,838,12.7,44,7,4,7,44,0,1,16,182.4,11.4,0.0%,2018
58,Mohamed Sanu Sr. (SF),59,89,520,8.8,28,3,2,3,11,0,0,15,124.1,8.3,0.0%,2019
124,Mohamed Sanu Sr. (SF),17,24,187,11,21,0,1,1,3,0,0,10,44,4.4,0.0%,2020
140,Mohamed Sanu Sr. (SF),15,24,177,11.8,21,0,0,0,0,0,0,8,32.7,4.1,0.0%,2021
497,Mose Frazier (FA),0,0,0,0,0,0,0,0,0,0,0,1,0,0,0.0%,2018
489,Mose Frazier (FA),0,0,0,0,0,0,0,0,0,0,0,1,0,0,0.0%,2019
99,N'Keal Harry (NE),33,57,309,9.4,30,0,2,2,0,0,1,14,73.9,5.3,0.5%,2020
123,N'Keal Harry (NE),12,24,105,8.8,18,0,2,5,49,0,0,7,39.4,5.6,0.5%,2019
144,N'Keal Harry (NE),12,22,184,15.3,43,0,0,0,0,0,1,10,28.4,2.8,0.5%,2021
34,Nelson Agholor (NE),48,82,896,18.7,85,0,8,0,0,0,0,16,185.6,11.6,1.4%,2020
34,Nelson Agholor (NE),64,97,736,11.5,83,10,4,3,32,0,0,16,165.4,10.3,1.4%,2018
72,Nelson Agholor (NE),37,64,473,12.8,44,0,3,3,11,0,0,15,103.4,6.9,1.4%,2021
76,Nelson Agholor (NE),39,69,363,9.3,43,5,3,2,7,0,1,11,94,8.5,1.4%,2019
67,Nick Westbrook-Ikhine (TEN),38,57,476,12.5,46,0,4,0,0,0,1,15,107.6,7.2,9.1%,2021
183,Nick Westbrook-Ikhine (TEN),3,8,33,11,19,0,0,0,0,0,0,14,8.3,0.6,9.1%,2020
186,Nick Williams (FA),2,5,17,8.5,11,0,0,0,0,0,0,4,3.7,0.9,0.0%,2018
87,Nico Collins (HOU),33,60,446,13.5,32,0,1,0,0,0,0,14,83.6,6,2.7%,2021
135,Noah Brown (DAL),16,25,184,11.5,27,0,0,0,0,0,0,10,34.4,3.4,0.2%,2021
140,Noah Brown (DAL),14,24,154,11,20,0,0,1,4,0,0,16,29.8,1.9,0.2%,2020
168,Noah Brown (DAL),5,8,54,10.8,22,1,0,0,0,0,0,8,10.4,1.3,0.2%,2018
516,Noah Brown (DAL),0,0,0,0,0,0,0,0,0,0,0,1,0,0,0.2%,2019
329,Nsimba Webster (CHI),0,0,0,0,0,0,0,0,0,0,0,5,0,0,0.0%,2019
287,Nsimba Webster (CHI),0,0,0,0,0,0,0,0,0,0,0,6,0,0,0.0%,2021
454,Nsimba Webster (CHI),0,0,0,0,0,0,0,0,0,0,1,16,-2,-0.1,0.0%,2020
15,Odell Beckham Jr. (FA),77,124,"1,052",13.7,51,17,6,5,19,0,1,12,230.4,19.2,45.0%,2018
25,Odell Beckham Jr. (FA),74,133,"1,035",14,89,16,4,3,10,0,1,16,201.3,12.6,45.0%,2019
55,Odell Beckham Jr. (FA),44,82,537,12.2,54,0,5,2,14,0,0,14,129.1,9.2,45.0%,2021
91,Odell Beckham Jr. (FA),23,43,319,13.9,43,0,3,3,72,1,0,7,86.8,12.4,45.0%,2020
78,Olamide Zaccheaus (ATL),31,53,406,13.1,49,0,3,1,2,0,0,15,89.8,6,1.0%,2021
114,Olamide Zaccheaus (ATL),20,32,274,13.7,51,0,1,1,0,0,0,11,53.4,4.9,1.0%,2020
145,Olamide Zaccheaus (ATL),3,5,115,38.3,93,1,1,0,0,0,0,10,20.5,2.1,1.0%,2019
295,Osirus Mitchell (FA),0,0,0,0,0,0,0,0,0,0,0,1,0,0,0.0%,2021
126,Parris Campbell (IND),18,24,127,7.1,27,1,1,4,34,0,1,7,38.1,5.4,1.5%,2019
141,Parris Campbell (IND),10,20,162,16.2,51,0,1,0,0,0,0,6,32.2,5.4,1.5%,2021
165,Parris Campbell (IND),6,9,71,11.8,21,0,0,2,16,0,0,2,14.7,7.4,1.5%,2020
94,Paul Richardson Jr. (FA),28,42,245,8.8,22,1,2,1,0,0,0,10,64.5,6.5,0.0%,2019
110,Paul Richardson Jr. (FA),20,35,262,13.1,46,5,2,2,9,0,0,7,59.1,8.4,0.0%,2018
171,Penny Hart (SEA),7,12,59,8.4,16,0,0,0,0,0,0,12,12.9,1.1,0.0%,2021
200,Penny Hart (SEA),1,1,3,3,3,0,0,1,19,0,0,13,3.2,0.2,0.0%,2020
104,Pharoh Cooper (FA),25,33,243,9.7,28,4,1,1,2,0,0,13,55.5,4.3,0.0%,2019
172,Pharoh Cooper (FA),5,8,73,14.6,32,0,0,0,0,0,0,16,12.3,0.8,0.0%,2020
188,Pharoh Cooper (FA),4,11,33,8.3,15,0,0,1,3,0,0,8,7.6,1,0.0%,2021
520,Pharoh Cooper (FA),0,1,0,0,0,0,0,0,0,0,0,7,0,0,0.0%,2018
70,Phillip Dorsett II (HOU),29,54,397,13.7,58,6,5,3,21,0,0,14,100.8,7.2,0.2%,2019
87,Phillip Dorsett II (HOU),32,42,290,9.1,20,1,3,4,29,0,0,16,81.9,5.1,0.2%,2018
161,Phillip Dorsett II (HOU),7,14,110,15.7,36,0,0,1,0,0,0,5,18,3.6,0.2%,2021
111,Pierre Garcon (FA),24,45,286,11.9,25,5,1,0,0,0,0,8,58.6,7.3,0.0%,2018
475,Pierre Garcon (FA),0,0,0,0,0,0,0,0,0,0,0,1,0,0,0.0%,2019
263,Pooka Williams Jr. (CIN),0,0,0,0,0,0,0,0,0,0,0,1,0,0,0.0%,2021
77,Preston Williams (MIA),32,60,428,13.4,35,6,3,0,0,0,1,8,90.8,11.4,0.2%,2019
98,Preston Williams (MIA),18,35,288,16,47,0,4,0,0,0,0,8,74.8,9.4,0.2%,2020
169,Preston Williams (MIA),6,16,71,11.8,34,0,0,1,7,0,0,6,13.8,2.3,0.2%,2021
503,Quadree Henderson (FA),0,0,0,0,0,0,0,0,0,0,0,5,0,0,0.0%,2018
61,Quez Watkins (PHI),43,62,647,15,91,0,1,1,3,0,0,17,116,6.8,0.6%,2021
151,Quez Watkins (PHI),7,13,106,15.1,43,0,1,0,0,0,0,6,23.6,3.9,0.6%,2020
83,Quincy Enunwa (FA),38,68,449,11.8,42,6,1,1,0,0,1,11,86.9,7.9,0.0%,2018
533,Quincy Enunwa (FA),1,3,-4,-4,8,0,0,0,0,0,1,1,-1.4,-1.4,0.0%,2019
101,Quintez Cephus (DET),20,35,349,17.5,49,0,2,0,0,0,0,13,66.9,5.1,0.7%,2020
120,Quintez Cephus (DET),15,22,204,13.6,46,0,2,0,0,0,0,5,49.4,9.9,0.7%,2021
292,Quinton Bell (ATL),0,0,0,0,0,0,0,0,0,0,0,5,0,0,0.0%,2020
274,Quinton Bell (ATL),0,0,0,0,0,0,0,0,0,0,0,1,0,0,0.0%,2021
224,Racey McMath (TEN),2,6,8,4,9,0,0,0,0,0,1,6,0.8,0.1,0.1%,2021
44,Randall Cobb (GB),55,83,828,15.1,59,15,3,3,11,0,1,15,154.9,10.3,5.8%,2019
75,Randall Cobb (GB),38,48,441,11.6,34,0,3,0,0,0,0,10,100.1,10,5.8%,2020
75,Randall Cobb (GB),28,39,375,13.4,54,0,5,1,1,0,1,11,93.6,8.5,5.8%,2021
84,Randall Cobb (GB),38,61,383,10.1,75,4,2,0,0,0,1,9,86.4,9.6,5.8%,2018
169,Rashad Greene (FA),6,8,60,10,12,0,0,0,0,0,1,8,10,1.3,0.0%,2018
527,Rashad Greene (FA),0,0,0,0,0,0,0,0,0,0,0,1,0,0,0.0%,2019
202,Rashard Davis (FA),1,1,16,16,16,0,0,0,0,0,0,1,2.6,2.6,0.0%,2019
63,Rashard Higgins (CAR),37,52,599,16.2,43,0,4,0,0,0,0,13,120.9,9.3,0.7%,2020
61,Rashard Higgins (CAR),39,53,572,14.7,40,11,4,0,0,0,1,13,118.2,9.1,0.7%,2018
114,Rashard Higgins (CAR),24,47,275,11.5,21,0,1,0,0,0,0,12,57.5,4.8,0.7%,2021
151,Rashard Higgins (CAR),4,11,55,13.8,35,1,1,0,0,0,0,10,15.5,1.6,0.7%,2019
71,Rashod Bateman (BAL),46,68,515,11.2,36,0,1,0,0,0,0,12,103.5,8.6,86.6%,2021
107,Ray-Ray McCloud (SF),39,66,277,7.1,24,0,0,2,15,0,1,16,66.2,4.1,0.2%,2021
136,Ray-Ray McCloud (SF),20,22,77,3.9,13,0,0,4,65,0,1,16,32.2,2,0.2%,2020
177,Ray-Ray McCloud (SF),5,6,36,7.2,16,0,0,2,4,0,1,10,7,0.7,0.2%,2018
534,Ray-Ray McCloud (SF),0,0,0,0,0,0,0,0,0,0,1,6,-2,-0.3,0.2%,2019
284,Reggie Begelton (FA),0,0,0,0,0,0,0,0,0,0,0,1,0,0,0.0%,2020
103,Richie James Jr. (NYG),23,35,394,17.1,47,0,1,0,0,0,2,11,64.4,5.9,0.1%,2020
139,Richie James Jr. (NYG),6,10,165,27.5,57,3,1,2,-1,0,1,16,26.4,1.7,0.1%,2019
145,Richie James Jr. (NYG),9,14,130,14.4,53,2,1,0,0,0,1,13,26,2,0.1%,2018
290,Rico Gafford (GB),0,0,0,0,0,0,0,0,0,0,0,1,0,0,0.1%,2018
284,Rico Gafford (GB),2,2,66,33,49,1,1,0,0,0,0,4,0,0,0.1%,2019
269,Rico Gafford (GB),0,2,0,0,0,0,0,0,0,0,0,3,0,0,0.1%,2020
519,Riley McCarron (FA),0,0,0,0,0,0,0,0,0,0,0,1,0,0,0.0%,2019
529,Riley McCarron (FA),0,1,0,0,0,0,0,0,0,0,1,1,-2,-2,0.0%,2018
157,Riley Ridley (FA),6,7,69,11.5,32,1,0,0,0,0,0,5,12.9,2.6,0.0%,2019
184,Riley Ridley (FA),4,4,39,9.8,18,0,0,0,0,0,0,5,7.9,1.6,0.0%,2020
175,Rishard Matthews (FA),5,9,24,4.8,7,0,0,0,0,0,0,8,7.4,0.9,0.0%,2018
177,River Cracraft (MIA),6,9,41,6.8,12,0,0,0,0,0,0,9,10.1,1.1,0.0%,2020
187,River Cracraft (MIA),1,2,44,44,44,1,0,0,0,0,1,8,3.4,0.4,0.0%,2018
507,River Cracraft (MIA),0,0,0,0,0,0,0,0,0,0,0,2,0,0,0.0%,2019
412,River Cracraft (MIA),0,0,0,0,0,0,0,0,0,0,0,3,0,0,0.0%,2021
19,Robby Anderson (CAR),95,136,"1,096",11.5,75,0,3,4,15,0,1,16,224.2,14,23.2%,2020
40,Robby Anderson (CAR),52,96,779,15,92,13,5,1,4,0,0,16,162.3,10.1,23.2%,2019
39,Robby Anderson (CAR),50,93,752,15,76,10,6,2,-8,0,2,14,156.4,11.2,23.2%,2018
49,Robby Anderson (CAR),53,110,519,9.8,57,0,5,3,36,0,0,17,138.5,8.1,23.2%,2021
197,Robert Davis (FA),2,5,17,8.5,11,0,0,0,0,0,0,6,3.7,0.6,0.0%,2019
75,Robert Foster (NYG),27,45,541,20,75,9,3,0,0,0,0,13,99.1,7.6,0.1%,2018
159,Robert Foster (NYG),3,18,64,21.3,24,3,0,2,29,0,0,13,12.3,0.9,0.1%,2019
192,Robert Foster (NYG),2,6,37,18.5,28,0,0,0,0,0,0,4,5.7,1.4,0.1%,2020
11,Robert Woods (TEN),86,131,"1,219",14.2,39,20,6,19,157,1,0,16,265.6,16.6,86.5%,2018
13,Robert Woods (TEN),90,129,936,10.4,56,0,6,24,155,2,1,16,245.1,15.3,86.5%,2020
14,Robert Woods (TEN),90,139,"1,134",12.6,48,14,2,17,115,1,0,15,232.9,15.5,86.5%,2019
51,Robert Woods (TEN),45,69,556,12.4,28,0,4,8,46,1,0,9,137.2,15.2,86.5%,2021
445,Rod Streater (FA),0,0,0,0,0,0,0,0,0,0,0,1,0,0,0.1%,2019
526,Rod Streater (FA),0,0,0,0,0,0,0,1,-11,0,0,3,-1.1,-0.4,0.1%,2018
414,Rodney Adams (NYJ),0,1,0,0,0,0,0,0,0,0,0,1,0,0,0.0%,2021
65,Rondale Moore (ARI),54,64,435,8.1,77,0,1,18,76,0,1,14,109.1,7.8,63.7%,2021
37,Russell Gage (TB),72,109,786,10.9,35,0,4,2,9,0,0,16,181.1,11.3,85.4%,2020
38,Russell Gage (TB),66,94,770,11.7,49,0,4,0,0,0,2,13,163,12.5,85.4%,2021
71,Russell Gage (TB),49,74,446,9.1,19,0,1,4,12,0,1,16,98.8,6.2,85.4%,2019
165,Russell Gage (TB),6,10,63,10.5,22,1,0,0,0,0,0,15,12.3,0.8,85.4%,2018
127,Russell Shepard (FA),10,19,188,18.8,49,4,2,0,0,0,0,12,40.8,3.4,0.0%,2018
184,Russell Shepard (FA),3,8,25,8.3,12,0,0,0,0,0,0,3,5.5,1.8,0.0%,2019
91,Ryan Grant (FA),35,52,334,9.5,23,3,1,0,0,0,0,14,74.4,5.3,0.0%,2018
186,Ryan Grant (FA),4,9,14,3.5,9,0,0,0,0,0,0,2,5.4,2.7,0.0%,2019
95,Ryan Switzer (FA),36,44,253,7,24,1,1,6,21,0,0,16,69.4,4.3,0.0%,2018
163,Ryan Switzer (FA),8,11,27,3.4,8,0,0,0,0,0,0,9,10.7,1.2,0.0%,2019
421,Ryan Switzer (FA),0,0,0,0,0,0,0,0,0,0,0,1,0,0,0.0%,2021
294,Saeed Blacknall (FA),0,0,0,0,0,0,0,0,0,0,0,1,0,0,0.0%,2018
283,Saeed Blacknall (FA),0,0,0,0,0,0,0,0,0,0,0,1,0,0,0.0%,2019
192,Sammie Coates (FA),1,2,12,12,12,0,0,0,0,0,0,12,2.2,0.2,0.0%,2018
50,Sammy Watkins (GB),52,90,673,12.9,68,9,3,2,12,0,1,14,138.5,9.9,6.1%,2019
64,Sammy Watkins (GB),40,55,519,13,50,7,3,5,52,0,0,10,115.1,11.5,6.1%,2018
87,Sammy Watkins (GB),37,55,421,11.4,37,0,2,1,3,0,1,10,88.4,8.8,6.1%,2020
103,Sammy Watkins (GB),27,49,394,14.6,49,0,1,0,0,0,1,11,70.4,6.4,6.1%,2021
73,Scotty Miller (TB),33,53,501,15.2,48,0,3,3,14,0,0,16,102.5,6.4,0.6%,2020
120,Scotty Miller (TB),13,26,200,15.4,48,3,1,2,16,0,0,10,40.6,4.1,0.6%,2019
158,Scotty Miller (TB),5,9,38,7.6,13,0,0,2,43,1,0,6,19.1,3.2,0.6%,2021
68,Seth Roberts (FA),45,64,494,11,44,7,2,3,5,0,0,15,106.9,7.1,0.0%,2018
99,Seth Roberts (FA),21,35,271,12.9,33,3,2,0,0,0,0,16,60.1,3.8,0.0%,2019
186,Seth Roberts (FA),4,6,31,7.8,12,0,0,0,0,0,0,7,7.1,1,0.0%,2020
203,Seth Williams (DEN),1,1,34,34,34,0,0,0,0,0,0,1,4.4,4.4,0.1%,2021
179,Shelton Gibson (FA),1,3,48,48,48,1,0,0,0,0,0,15,5.8,0.4,0.0%,2018
163,Shi Smith (CAR),6,11,104,17.3,63,0,0,1,-3,0,0,5,16.1,3.2,0.1%,2021
315,Spencer Schnell (FA),0,0,0,0,0,0,0,0,0,0,0,1,0,0,0.1%,2019
499,Stacy Coley (FA),0,1,0,0,0,0,0,0,0,0,0,3,0,0,0.0%,2018
190,Stanley Morgan Jr. (CIN),3,10,18,6,9,0,0,0,0,0,0,11,4.8,0.4,0.1%,2019
210,Stanley Morgan Jr. (CIN),2,4,11,5.5,8,0,0,1,3,0,0,11,3.4,0.3,0.1%,2021
295,Stanley Morgan Jr. (CIN),0,0,0,0,0,0,0,0,0,0,0,6,0,0,0.1%,2020
3,Stefon Diggs (BUF),127,166,"1,535",12.1,55,0,8,1,1,0,0,16,328.6,20.5,99.9%,2020
7,Stefon Diggs (BUF),103,164,"1,225",11.9,61,0,10,0,0,0,0,17,285.5,16.8,99.9%,2021
10,Stefon Diggs (BUF),102,148,"1,021",10,75,13,9,10,62,0,0,15,266.3,17.8,99.9%,2018
24,Stefon Diggs (BUF),63,94,"1,130",17.9,66,20,6,5,61,0,3,15,212.1,14.1,99.9%,2019
30,Sterling Shepard (NYG),66,107,872,13.2,58,12,4,3,33,0,0,16,182.5,11.4,25.6%,2018
43,Sterling Shepard (NYG),66,90,656,9.9,29,0,3,6,49,1,0,12,162.5,13.5,25.6%,2020
48,Sterling Shepard (NYG),57,83,576,10.1,36,8,3,6,72,0,0,10,141.8,14.2,25.6%,2019
96,Sterling Shepard (NYG),36,53,366,10.2,37,0,1,1,-9,0,0,7,77.7,11.1,25.6%,2021
292,Steven Dunbar Jr. (FA),0,0,0,0,0,0,0,0,0,0,0,1,0,0,0.0%,2018
175,Steven Mitchell Jr. (FA),5,8,60,12,20,0,0,0,0,0,0,6,11,1.8,0.0%,2020
183,Steven Mitchell Jr. (FA),2,6,37,18.5,21,1,0,0,0,0,0,4,5.7,1.4,0.0%,2019
291,Steven Mitchell Jr. (FA),0,0,0,0,0,0,0,0,0,0,0,1,0,0,0.0%,2018
66,Steven Sims Jr. (PIT),34,56,310,9.1,65,2,4,9,85,1,0,16,109.5,6.8,0.1%,2019
110,Steven Sims Jr. (PIT),27,37,265,9.8,30,0,1,1,18,0,2,12,57.3,4.8,0.1%,2020
14,T.Y. Hilton (FA),76,120,"1,270",16.7,68,22,6,0,0,0,0,14,239,17.1,0.9%,2018
42,T.Y. Hilton (FA),56,93,762,13.6,50,0,5,0,0,0,0,15,164.2,10.9,0.9%,2020
57,T.Y. Hilton (FA),45,68,501,11.1,35,6,5,0,0,0,0,10,125.1,12.5,0.9%,2019
100,T.Y. Hilton (FA),23,37,331,14.4,52,0,3,0,0,0,0,10,74.1,7.4,0.9%,2021
85,Tajae Sharpe (FA),25,35,329,13.2,47,4,4,0,0,0,0,15,81.9,5.5,0.1%,2019
93,Tajae Sharpe (FA),26,47,316,12.2,28,2,2,1,16,0,0,16,71.2,4.5,0.1%,2018
124,Tajae Sharpe (FA),25,37,230,9.2,17,0,0,0,0,0,0,14,48,3.4,0.1%,2021
434,Tajae Sharpe (FA),0,3,0,0,0,0,0,0,0,0,0,4,0,0,0.1%,2020
484,Tanner McEvoy (FA),0,0,0,0,0,0,0,0,0,0,0,2,0,0,0.0%,2018
217,Tarik Black (NYJ),1,2,10,10,10,0,0,0,0,0,0,1,2,2,0.0%,2021
118,Tavon Austin (FA),24,38,213,8.9,25,0,1,3,21,0,1,12,51.4,4.3,0.0%,2021
112,Tavon Austin (FA),13,24,177,13.6,59,2,1,6,47,1,0,14,47.4,3.4,0.0%,2019
129,Tavon Austin (FA),8,13,140,17.5,64,2,2,6,55,0,0,7,39.5,5.6,0.0%,2018
194,Tavon Austin (FA),5,5,20,4,7,0,0,0,0,0,1,4,5,1.3,0.0%,2020
41,Taylor Gabriel (FA),67,93,688,10.3,54,7,2,9,61,0,1,16,151.9,9.5,0.1%,2018
78,Taylor Gabriel (FA),29,48,353,12.2,53,4,4,3,20,0,0,9,90.3,10,0.1%,2019
81,Taywan Taylor (FA),37,56,466,12.6,55,3,1,0,0,0,1,13,87.6,6.7,0.0%,2018
492,Taywan Taylor (FA),0,1,0,0,0,0,0,0,0,0,0,4,0,0,0.0%,2019
444,Taywan Taylor (FA),0,1,0,0,0,0,0,0,0,0,0,3,0,0,0.0%,2020
81,Ted Ginn Jr. (FA),30,56,421,14,45,7,2,3,18,0,0,16,85.9,5.4,0.0%,2019
116,Ted Ginn Jr. (FA),17,30,209,12.3,42,3,2,3,26,0,1,5,52.5,10.5,0.0%,2018
187,Ted Ginn Jr. (FA),3,6,40,13.3,29,0,0,0,0,0,0,5,7,1.4,0.0%,2020
24,Tee Higgins (CIN),74,110,"1,091",14.7,54,0,6,0,0,0,1,14,219.1,15.7,98.4%,2021
28,Tee Higgins (CIN),67,108,908,13.6,67,0,6,5,28,0,1,16,194.6,12.2,98.4%,2020
139,Terrace Marshall Jr. (CAR),17,30,138,8.1,23,0,0,0,0,0,0,12,32.8,2.7,1.3%,2021
184,Terrance Williams (FA),2,3,18,9,12,0,0,0,0,0,0,3,3.8,1.3,0.0%,2018
454,Terrance Williams (FA),0,0,0,0,0,0,0,0,0,0,0,1,0,0,0.0%,2019
114,Terrelle Pryor Sr. (FA),16,30,252,15.8,44,5,2,1,-1,0,0,8,53.1,6.6,0.0%,2018
191,Terry Godwin (JAC),3,6,32,10.7,21,0,0,1,3,0,0,3,6.5,2.2,0.0%,2020
20,Terry McLaurin (WAS),87,134,"1,118",12.9,68,0,4,2,30,0,1,15,223.8,14.9,97.4%,2020
25,Terry McLaurin (WAS),77,130,"1,053",13.7,46,0,5,1,12,0,0,17,213.5,12.6,97.4%,2021
29,Terry McLaurin (WAS),58,93,919,15.8,75,15,7,0,0,0,0,14,191.9,13.7,97.4%,2019
164,Tevin Jones (FA),4,10,61,15.3,28,1,0,0,0,0,0,5,10.1,2,0.0%,2019
44,Tim Patrick (DEN),51,79,742,14.5,61,0,6,0,0,0,0,15,161.2,10.7,39.3%,2020
42,Tim Patrick (DEN),53,85,734,13.8,44,0,5,0,0,0,0,16,156.4,9.8,39.3%,2021
107,Tim Patrick (DEN),23,41,315,13.7,26,6,1,3,17,0,1,16,60.2,3.8,39.3%,2018
128,Tim Patrick (DEN),16,31,218,13.6,38,3,0,0,0,0,0,8,37.8,4.7,39.3%,2019
191,Tim White (FA),1,1,14,14,14,0,0,0,0,0,0,3,2.4,0.8,0.0%,2018
117,TJ Jones (FA),19,26,190,10,26,3,2,0,0,0,0,15,50,3.3,0.0%,2018
158,TJ Jones (FA),3,4,38,12.7,28,1,1,0,0,0,0,3,12.8,4.3,0.0%,2019
160,Tom Kennedy (DET),6,10,54,9,15,0,0,0,0,0,0,7,18.4,2.6,0.1%,2021
292,Tom Kennedy (DET),0,0,0,0,0,0,0,0,0,0,0,1,0,0,0.1%,2019
160,Tommylee Lewis (MIA),3,3,60,20,28,2,1,2,10,0,1,7,14,2,0.0%,2018
204,Tommylee Lewis (MIA),1,3,5,5,5,0,0,2,14,0,0,5,2.9,0.6,0.0%,2020
219,Tommylee Lewis (MIA),1,2,7,7,7,0,0,0,0,0,0,2,1.7,0.9,0.0%,2021
405,Tony Brown (FA),0,0,0,0,0,0,0,0,0,0,0,1,0,0,0.0%,2020
523,Tony Jones (FA),0,0,0,0,0,0,0,0,0,0,0,1,0,0,0.0%,2019
118,Torrey Smith (FA),17,30,190,11.2,35,2,2,0,0,0,0,11,50,4.5,0.0%,2018
456,Torrey Smith (FA),0,0,0,0,0,0,0,0,0,0,0,1,0,0,0.0%,2019
128,Travis Benjamin (SF),12,24,186,15.5,46,4,1,7,41,0,0,12,40.7,3.4,0.0%,2018
169,Travis Benjamin (SF),6,16,30,5,13,0,0,0,0,0,0,5,9,1.8,0.0%,2019
427,Travis Benjamin (SF),0,5,0,0,0,0,0,0,0,0,1,5,-2,-0.4,0.0%,2021
66,Travis Fulgham (DEN),38,67,539,14.2,42,0,4,0,0,0,0,13,115.9,8.9,0.1%,2020
286,Travis Fulgham (DEN),0,3,0,0,0,0,0,0,0,0,0,3,0,0,0.1%,2019
72,Tre'Quan Smith (NO),34,50,448,13.2,31,0,4,1,3,0,0,14,103.1,7.4,1.0%,2020
73,Tre'Quan Smith (NO),28,44,427,15.3,62,6,5,0,0,0,0,15,100.7,6.7,1.0%,2018
80,Tre'Quan Smith (NO),32,50,377,11.8,34,0,3,0,0,0,0,10,87.7,8.8,1.0%,2021
91,Tre'Quan Smith (NO),18,25,234,13,32,3,5,0,0,0,0,11,71.4,6.5,1.0%,2019
120,Trent Sherfield (MIA),19,28,210,11.1,21,1,1,0,0,0,0,13,46,3.5,0.1%,2018
150,Trent Sherfield (MIA),9,20,87,9.7,18,0,1,0,0,0,0,12,23.7,2,0.1%,2021
160,Trent Sherfield (MIA),4,13,80,20,38,2,0,0,0,0,0,16,12,0.8,0.1%,2019
178,Trent Sherfield (MIA),5,7,50,10,26,0,0,0,0,0,0,15,10,0.7,0.1%,2020
112,Trent Taylor (CIN),26,40,215,8.3,23,1,1,0,0,0,0,14,55.5,4,0.2%,2018
158,Trent Taylor (CIN),10,21,86,8.6,29,0,0,0,0,0,0,12,18.6,1.6,0.2%,2020
193,Trent Taylor (CIN),2,3,41,20.5,26,0,0,0,0,0,0,4,6.1,1.5,0.2%,2021
198,Trenton Irwin (CIN),2,5,34,17,25,0,0,0,0,0,0,5,5.4,1.1,0.1%,2021
212,Trenton Irwin (CIN),1,2,5,5,5,0,0,0,0,0,0,1,1.5,1.5,0.1%,2020
317,Trenton Irwin (CIN),0,0,0,0,0,0,0,0,0,0,0,1,0,0,0.1%,2019
138,Trevor Davis (FA),8,11,111,13.9,28,2,0,4,73,1,2,14,28.4,2,0.0%,2019
494,Trevor Davis (FA),0,0,0,0,0,0,0,0,0,0,0,2,0,0,0.0%,2018
106,Trey Quinn (DEN),26,47,198,7.6,19,0,1,0,0,0,1,12,51.8,4.3,0.0%,2019
152,Trey Quinn (DEN),9,10,75,8.3,15,0,1,1,0,0,0,3,22.5,7.5,0.0%,2018
410,Trey Quinn (DEN),0,0,0,0,0,0,0,0,0,0,0,1,0,0,0.0%,2020
154,Trinity Benson (DET),10,22,103,10.3,24,0,0,0,0,0,0,7,20.3,2.9,0.0%,2021
259,Tutu Atwell (LAR),0,0,0,0,0,0,0,0,0,0,0,6,0,0,0.7%,2021
519,Ty Montgomery (NE),25,40,235,9.4,43,2,0,41,188,1,1,13,0,0,0.1%,2018
526,Ty Montgomery (NE),13,17,90,6.9,21,1,0,32,103,0,0,16,0,0,0.1%,2019
448,Ty Montgomery (NE),3,6,27,9,17,0,0,19,101,0,0,6,0,0,0.1%,2020
423,Ty Montgomery (NE),16,26,95,5.9,21,0,0,15,44,0,0,14,0,0,0.1%,2021
206,Tylan Wallace (BAL),2,6,23,11.5,18,0,0,0,0,0,0,10,4.3,0.4,0.3%,2021
18,Tyler Boyd (CIN),90,148,"1,046",11.6,47,12,5,4,23,0,2,16,222.9,13.9,66.3%,2019
17,Tyler Boyd (CIN),76,108,"1,028",13.5,49,21,7,2,3,0,0,14,221.1,15.8,66.3%,2018
29,Tyler Boyd (CIN),79,110,841,10.6,72,0,4,5,49,0,0,15,192.6,12.8,66.3%,2020
31,Tyler Boyd (CIN),67,94,828,12.4,68,0,5,2,22,0,0,16,183.8,11.5,66.3%,2021
101,Tyler Johnson (TB),36,55,360,10,31,0,0,0,0,0,0,16,72,4.5,0.5%,2021
127,Tyler Johnson (TB),12,17,169,14.1,35,0,2,0,0,0,0,14,40.9,2.9,0.5%,2020
8,Tyler Lockett (SEA),100,132,"1,054",10.5,47,0,10,0,0,0,0,16,265.4,16.6,92.2%,2020
16,Tyler Lockett (SEA),73,107,"1,175",16.1,69,0,8,2,9,0,0,16,241.4,15.1,92.2%,2021
13,Tyler Lockett (SEA),82,110,"1,057",12.9,44,15,8,4,-5,0,0,16,235.2,14.7,92.2%,2019
16,Tyler Lockett (SEA),57,71,965,16.9,52,17,10,13,69,0,0,16,222.4,13.9,92.2%,2018
2,Tyreek Hill (MIA),87,135,"1,276",14.7,75,0,15,13,123,2,0,15,328.9,21.9,99.9%,2020
3,Tyreek Hill (MIA),87,137,"1,479",17,75,27,12,22,151,1,0,16,328,20.5,99.9%,2018
6,Tyreek Hill (MIA),111,159,"1,239",11.2,75,0,9,9,96,0,1,17,296.5,17.4,99.9%,2021
32,Tyreek Hill (MIA),58,89,860,14.8,57,11,7,8,23,0,0,12,188.3,15.7,99.9%,2019
47,Tyrell Williams (FA),42,64,651,15.5,46,12,6,0,0,0,0,14,143.1,10.2,0.1%,2019
48,Tyrell Williams (FA),41,64,653,15.9,75,11,5,2,15,0,0,16,137.8,8.6,0.1%,2018
209,Tyrell Williams (FA),2,3,14,7,7,0,0,0,0,0,0,1,3.4,3.4,0.1%,2021
170,Tyrie Cleveland (DEN),6,9,63,10.5,17,0,0,0,0,0,0,10,12.3,1.2,0.0%,2020
246,Tyrie Cleveland (DEN),0,1,0,0,0,0,0,0,0,0,0,4,0,0,0.0%,2021
97,Tyron Johnson (LV),20,26,398,19.9,55,0,3,3,17,0,0,12,79.5,6.6,0.1%,2020
208,Tyron Johnson (LV),2,5,16,8,10,0,0,0,0,0,0,7,3.6,0.5,0.1%,2021
36,Van Jefferson (LAR),50,89,802,16,79,0,6,2,20,0,0,17,168.2,9.9,32.8%,2021
119,Van Jefferson (LAR),19,31,220,11.6,31,0,1,1,-1,0,0,16,46.9,2.9,32.8%,2020
170,Ventell Bryant (FA),1,1,15,15,15,0,1,0,0,0,0,12,8.5,0.7,0.0%,2019
195,Victor Bolden Jr. (FA),1,4,10,10,10,0,0,0,0,0,0,6,2,0.3,0.0%,2018
502,Victor Bolden Jr. (FA),0,0,0,0,0,0,0,0,0,0,0,1,0,0,0.0%,2019
109,Vyncint Smith (TB),17,31,225,13.2,37,4,0,3,52,1,1,14,48.7,3.5,0.0%,2019
156,Vyncint Smith (TB),5,10,91,18.2,35,2,1,0,0,0,0,7,20.1,2.9,0.0%,2018
208,Vyncint Smith (TB),1,3,13,13,13,0,0,0,0,0,0,7,2.3,0.3,0.0%,2020
284,Vyncint Smith (TB),0,1,0,0,0,0,0,0,0,0,0,1,0,0,0.0%,2021
32,William Fuller V (FA),53,75,879,16.6,77,0,8,1,0,0,0,11,188.9,17.2,4.7%,2020
53,William Fuller V (FA),49,71,670,13.7,54,10,3,0,0,0,0,11,134,12.2,4.7%,2019
69,William Fuller V (FA),32,45,503,15.7,73,7,4,0,0,0,0,7,106.3,15.2,4.7%,2018
182,William Fuller V (FA),4,8,26,6.5,10,0,0,0,0,0,0,2,8.6,4.3,4.7%,2021
53,Willie Snead IV (FA),62,95,651,10.5,28,5,1,1,13,0,0,16,134.4,8.4,0.0%,2018
74,Willie Snead IV (FA),31,46,339,10.9,50,4,5,2,2,0,0,16,95.1,5.9,0.0%,2019
85,Willie Snead IV (FA),33,48,432,13.1,34,0,3,0,0,0,0,13,94.2,7.2,0.0%,2020
187,Willie Snead IV (FA),4,8,38,9.5,15,0,0,0,0,0,0,7,7.8,1.1,0.0%,2021
57,Zach Pascal (PHI),44,71,629,14.3,42,0,5,0,0,0,0,16,136.9,8.6,0.8%,2020
52,Zach Pascal (PHI),41,72,607,14.8,37,11,5,2,16,0,0,16,135.3,8.5,0.8%,2019
74,Zach Pascal (PHI),38,69,384,10.1,41,0,3,2,21,0,1,16,94.5,5.9,0.8%,2021
97,Zach Pascal (PHI),27,46,268,9.9,28,1,2,2,10,0,0,16,66.8,4.2,0.8%,2018
35,Zay Jones (JAC),56,102,652,11.6,57,7,7,1,0,0,0,16,165.2,10.3,1.0%,2018
68,Zay Jones (JAC),47,70,546,11.6,43,0,1,2,3,0,1,15,105.9,7.1,1.0%,2021
108,Zay Jones (JAC),27,45,216,8,23,2,0,1,3,0,0,15,48.9,3.3,1.0%,2019
131,Zay Jones (JAC),14,20,154,11,37,0,1,0,0,0,0,16,36.6,2.3,1.0%,2020
